family,treatment,train_seed,eval_seed,success,final_distance,action_smoothness,steps
chunk,chunk-1,11,1000,1,0.08361752331256866,0.018353010062128305,5
chunk,chunk-1,11,1001,1,0.09066854417324066,0.010364311126371225,4
chunk,chunk-1,11,1002,1,0.07567436993122101,0.016424430767074227,5
chunk,chunk-1,11,1003,1,0.0933392271399498,0.015710606798529626,6
chunk,chunk-1,11,1004,1,0.08414318412542343,0.011783024296164513,8
chunk,chunk-1,11,1005,1,0.07986485958099365,0.017641506556953703,8
chunk,chunk-1,11,1006,1,0.0723838210105896,0.01949411556124687,6
chunk,chunk-1,11,1007,1,0.06629578769207001,0.018435299529560974,8
chunk,chunk-1,11,1008,1,0.09031727910041809,0.019992324368407328,7
chunk,chunk-1,11,1009,1,0.09193876385688782,0.014828573601941267,7
chunk,chunk-1,11,1010,1,0.08174881339073181,0.018234014821549255,7
chunk,chunk-1,11,1011,1,0.07777369022369385,0.01981150060892105,6
chunk,chunk-1,11,1012,1,0.0656437799334526,0.019894308255364496,7
chunk,chunk-1,11,1013,1,0.07504990696907043,0.0,1
chunk,chunk-1,11,1014,1,0.09403674304485321,0.01931753708049655,5
chunk,chunk-1,11,1015,1,0.06921617686748505,0.019212551042437555,6
chunk,chunk-1,11,1016,1,0.08187957853078842,0.01822783537209034,6
chunk,chunk-1,11,1017,1,0.09578957408666611,0.014494448512171706,7
chunk,chunk-1,11,1018,1,0.07287156581878662,0.015130731587608656,4
chunk,chunk-1,11,1019,1,0.08347144722938538,0.01748704817146063,6
chunk,chunk-1,22,1000,1,0.08161867409944534,0.018347012344747782,5
chunk,chunk-1,22,1001,1,0.08954630047082901,0.010918560127417246,4
chunk,chunk-1,22,1002,1,0.0712733045220375,0.016634476371109486,5
chunk,chunk-1,22,1003,1,0.08770278841257095,0.015640073642134666,6
chunk,chunk-1,22,1004,1,0.07897303998470306,0.01157121972313949,8
chunk,chunk-1,22,1005,1,0.07728224992752075,0.01756260677107743,8
chunk,chunk-1,22,1006,1,0.06935939192771912,0.019513620249927043,6
chunk,chunk-1,22,1007,1,0.06300263106822968,0.018421573298318044,8
chunk,chunk-1,22,1008,1,0.08763332664966583,0.019906353515883286,7
chunk,chunk-1,22,1009,1,0.08636675775051117,0.014693341838816801,7
chunk,chunk-1,22,1010,1,0.07742802053689957,0.01807682371387879,7
chunk,chunk-1,22,1011,1,0.07420244812965393,0.019870313256978987,6
chunk,chunk-1,22,1012,1,0.06323765218257904,0.019864431582391262,7
chunk,chunk-1,22,1013,1,0.07516617327928543,0.0,1
chunk,chunk-1,22,1014,1,0.09171143174171448,0.019317821133881807,5
chunk,chunk-1,22,1015,1,0.06634390354156494,0.019223782420158386,6
chunk,chunk-1,22,1016,1,0.07751403748989105,0.018103286251425744,6
chunk,chunk-1,22,1017,1,0.09299147874116898,0.014613559003919363,7
chunk,chunk-1,22,1018,1,0.07084741443395615,0.015166013812025389,4
chunk,chunk-1,22,1019,1,0.07873153686523438,0.017374845780432226,6
chunk,chunk-1,33,1000,1,0.08013342320919037,0.018341313116252422,5
chunk,chunk-1,33,1001,1,0.09210674464702606,0.010510921167830626,4
chunk,chunk-1,33,1002,1,0.07234077155590057,0.016421623062342405,5
chunk,chunk-1,33,1003,1,0.09066054224967957,0.015566502511501313,6
chunk,chunk-1,33,1004,1,0.08258695900440216,0.011582400117601668,8
chunk,chunk-1,33,1005,1,0.076140858232975,0.017519927583634853,8
chunk,chunk-1,33,1006,1,0.06854651868343353,0.019425567239522934,6
chunk,chunk-1,33,1007,1,0.062443461269140244,0.018362094648182392,8
chunk,chunk-1,33,1008,1,0.08673959970474243,0.019857750895122688,7
chunk,chunk-1,33,1009,1,0.08914381265640259,0.0146324021431307,7
chunk,chunk-1,33,1010,1,0.07847870886325836,0.018022287481774885,7
chunk,chunk-1,33,1011,1,0.07404248416423798,0.019734440930187704,6
chunk,chunk-1,33,1012,1,0.06170985475182533,0.01983693956087033,7
chunk,chunk-1,33,1013,1,0.07591506838798523,0.0,1
chunk,chunk-1,33,1014,1,0.09059299528598785,0.019268883392214775,5
chunk,chunk-1,33,1015,1,0.06533245742321014,0.019150817207992075,6
chunk,chunk-1,33,1016,1,0.07857640087604523,0.01805646549910307,6
chunk,chunk-1,33,1017,1,0.09625576436519623,0.014444383637358746,7
chunk,chunk-1,33,1018,1,0.06949829310178757,0.015170369918147722,4
chunk,chunk-1,33,1019,1,0.08029939979314804,0.017321713827550413,6
chunk,chunk-1,44,1000,1,0.083462655544281,0.018206633860245347,5
chunk,chunk-1,44,1001,1,0.09218672662973404,0.01032983884215355,4
chunk,chunk-1,44,1002,1,0.0760505422949791,0.016324425116181374,5
chunk,chunk-1,44,1003,1,0.09396463632583618,0.015672370605170727,6
chunk,chunk-1,44,1004,1,0.08514749258756638,0.011743625093783652,8
chunk,chunk-1,44,1005,1,0.08007751405239105,0.01760035034801279,8
chunk,chunk-1,44,1006,1,0.07260676473379135,0.019340666010975838,6
chunk,chunk-1,44,1007,1,0.06659309566020966,0.01840351109525987,8
chunk,chunk-1,44,1008,1,0.09068597853183746,0.019945435070743162,7
chunk,chunk-1,44,1009,1,0.09252334386110306,0.01475807869186004,7
chunk,chunk-1,44,1010,1,0.08217321336269379,0.018131451060374577,7
chunk,chunk-1,44,1011,1,0.07813598215579987,0.019660786539316178,6
chunk,chunk-1,44,1012,1,0.06563462316989899,0.0197763176014026,7
chunk,chunk-1,44,1013,1,0.07562430202960968,0.0,1
chunk,chunk-1,44,1014,1,0.09418468922376633,0.019158096984028816,5
chunk,chunk-1,44,1015,1,0.06936697661876678,0.019060955569148063,6
chunk,chunk-1,44,1016,1,0.08228044956922531,0.018158992938697337,6
chunk,chunk-1,44,1017,1,0.09465126693248749,0.0144625639077276,7
chunk,chunk-1,44,1018,1,0.07257986813783646,0.015021650431056818,4
chunk,chunk-1,44,1019,1,0.08392250537872314,0.017425413802266122,6
chunk,chunk-1,55,1000,1,0.08294548094272614,0.018134974874556065,5
chunk,chunk-1,55,1001,1,0.09265279769897461,0.010391172332068285,4
chunk,chunk-1,55,1002,1,0.07712378352880478,0.016184740932658315,5
chunk,chunk-1,55,1003,1,0.09456457942724228,0.015593421086668969,6
chunk,chunk-1,55,1004,1,0.08496955782175064,0.011582036103521074,8
chunk,chunk-1,55,1005,1,0.08057668805122375,0.017591271815555438,8
chunk,chunk-1,55,1006,1,0.07339198887348175,0.019188368506729604,6
chunk,chunk-1,55,1007,1,0.06757184118032455,0.01837414556315967,8
chunk,chunk-1,55,1008,1,0.09144917875528336,0.019923172580699127,7
chunk,chunk-1,55,1009,1,0.09316989034414291,0.014596597291529179,7
chunk,chunk-1,55,1010,1,0.08335322141647339,0.01798524164284269,7
chunk,chunk-1,55,1011,1,0.0792534351348877,0.01949073001742363,6
chunk,chunk-1,55,1012,1,0.06567570567131042,0.01965087093412876,7
chunk,chunk-1,55,1013,1,0.07604354619979858,0.0,1
chunk,chunk-1,55,1014,1,0.09453664720058441,0.01902747876010835,5
chunk,chunk-1,55,1015,1,0.06998994946479797,0.018918253481388092,6
chunk,chunk-1,55,1016,1,0.08341235667467117,0.01805938370525837,6
chunk,chunk-1,55,1017,1,0.09035560488700867,0.014525404277568063,7
chunk,chunk-1,55,1018,1,0.07227950543165207,0.014947615253428618,4
chunk,chunk-1,55,1019,1,0.08498619496822357,0.01732486505061388,6
chunk,chunk-2,11,1000,1,0.08151491731405258,0.016358740162104368,5
chunk,chunk-2,11,1001,0,0.14566321671009064,0.005010344583588915,40
chunk,chunk-2,11,1002,1,0.08037281781435013,0.01434083329513669,5
chunk,chunk-2,11,1003,1,0.08428271114826202,0.014341889570156733,7
chunk,chunk-2,11,1004,1,0.09805680811405182,0.011926209554076195,9
chunk,chunk-2,11,1005,1,0.07736944407224655,0.01710084599575826,8
chunk,chunk-2,11,1006,1,0.06973560899496078,0.017393163219094277,6
chunk,chunk-2,11,1007,1,0.06453156471252441,0.01802880090794393,8
chunk,chunk-2,11,1008,1,0.08880282193422318,0.01938100267822544,7
chunk,chunk-2,11,1009,1,0.0826253741979599,0.0143949706107378,8
chunk,chunk-2,11,1010,1,0.08832388371229172,0.017116482524822157,7
chunk,chunk-2,11,1011,1,0.07830224186182022,0.017623761855065822,6
chunk,chunk-2,11,1012,1,0.06175599992275238,0.018480740021914244,7
chunk,chunk-2,11,1013,1,0.08140958845615387,0.0,1
chunk,chunk-2,11,1014,1,0.0912439152598381,0.01717168535105884,5
chunk,chunk-2,11,1015,1,0.0656459704041481,0.01716461554169655,6
chunk,chunk-2,11,1016,1,0.08914170414209366,0.01699470095336437,6
chunk,chunk-2,11,1017,0,0.1457039713859558,0.006377965653649507,40
chunk,chunk-2,11,1018,1,0.06719223409891129,0.013645119033753872,4
chunk,chunk-2,11,1019,1,0.09348846226930618,0.016683286614716054,6
chunk,chunk-2,22,1000,1,0.08115570992231369,0.01657430944032967,5
chunk,chunk-2,22,1001,0,0.13671554625034332,0.006838990805240778,40
chunk,chunk-2,22,1002,1,0.07920120656490326,0.014453322160989046,5
chunk,chunk-2,22,1003,1,0.08055290579795837,0.014139503162975112,7
chunk,chunk-2,22,1004,1,0.0929841473698616,0.010914528393186629,9
chunk,chunk-2,22,1005,1,0.0777081549167633,0.017183080182543824,8
chunk,chunk-2,22,1006,1,0.06988314539194107,0.017721867933869363,6
chunk,chunk-2,22,1007,1,0.06504454463720322,0.018309923154967173,8
chunk,chunk-2,22,1008,1,0.08852330595254898,0.019582284304002922,7
chunk,chunk-2,22,1009,1,0.07941877841949463,0.0137285248243383,8
chunk,chunk-2,22,1010,1,0.08550484478473663,0.01712156304468711,7
chunk,chunk-2,22,1011,1,0.07754112780094147,0.017889000847935675,6
chunk,chunk-2,22,1012,1,0.0616898313164711,0.018880360915015142,7
chunk,chunk-2,22,1013,1,0.08133736997842789,0.0,1
chunk,chunk-2,22,1014,1,0.09124180674552917,0.017362819518893957,5
chunk,chunk-2,22,1015,1,0.06604716926813126,0.017512073554098607,6
chunk,chunk-2,22,1016,1,0.0865439847111702,0.01713447701185942,6
chunk,chunk-2,22,1017,0,0.13672906160354614,0.008420616030119933,40
chunk,chunk-2,22,1018,1,0.0676923617720604,0.01415708102285862,4
chunk,chunk-2,22,1019,1,0.09035596251487732,0.016788523085415362,6
chunk,chunk-2,33,1000,1,0.0806708037853241,0.015590200200676918,5
chunk,chunk-2,33,1001,0,0.1544005423784256,0.007477673606421703,40
chunk,chunk-2,33,1002,1,0.07788790017366409,0.013991846237331629,5
chunk,chunk-2,33,1003,1,0.08327650278806686,0.013825460880373916,7
chunk,chunk-2,33,1004,1,0.09915634989738464,0.011156869732076302,9
chunk,chunk-2,33,1005,1,0.07840880751609802,0.01705204801900046,8
chunk,chunk-2,33,1006,1,0.06997018307447433,0.01702304631471634,6
chunk,chunk-2,33,1007,1,0.06431864947080612,0.018031693728906766,8
chunk,chunk-2,33,1008,1,0.0885714739561081,0.019088408599297207,7
chunk,chunk-2,33,1009,1,0.08109623938798904,0.013850952432091748,8
chunk,chunk-2,33,1010,1,0.0859258770942688,0.016135274122158687,7
chunk,chunk-2,33,1011,1,0.07803627848625183,0.017297190986573695,6
chunk,chunk-2,33,1012,1,0.06088289991021156,0.01800443169971307,7
chunk,chunk-2,33,1013,1,0.08370901644229889,0.0,1
chunk,chunk-2,33,1014,1,0.09097255021333694,0.016388533171266317,5
chunk,chunk-2,33,1015,1,0.06591717898845673,0.01679750233888626,6
chunk,chunk-2,33,1016,1,0.08729540556669235,0.01689912211149931,6
chunk,chunk-2,33,1017,0,0.15436093509197235,0.008156603464904504,40
chunk,chunk-2,33,1018,1,0.06652957946062088,0.01370635349303484,4
chunk,chunk-2,33,1019,1,0.09119504690170288,0.01668601334095001,6
chunk,chunk-2,44,1000,1,0.0810074731707573,0.016030785162001848,5
chunk,chunk-2,44,1001,0,0.14102724194526672,0.00790665498098884,40
chunk,chunk-2,44,1002,1,0.08394783735275269,0.013928978703916073,5
chunk,chunk-2,44,1003,1,0.0874742940068245,0.0142794333708783,7
chunk,chunk-2,44,1004,1,0.09985384345054626,0.012077887076884508,9
chunk,chunk-2,44,1005,1,0.08007009327411652,0.017245152166911533,8
chunk,chunk-2,44,1006,1,0.07282157242298126,0.017241465486586095,6
chunk,chunk-2,44,1007,1,0.06747964769601822,0.018015356069164618,8
chunk,chunk-2,44,1008,1,0.08995863795280457,0.01941893467058738,7
chunk,chunk-2,44,1009,1,0.08458565920591354,0.014131879966173853,8
chunk,chunk-2,44,1010,1,0.09203311055898666,0.016504946475227673,7
chunk,chunk-2,44,1011,1,0.08191162347793579,0.017371291667222975,6
chunk,chunk-2,44,1012,1,0.0615793913602829,0.018356815446168184,7
chunk,chunk-2,44,1013,1,0.08327898383140564,0.0,1
chunk,chunk-2,44,1014,1,0.09232548624277115,0.016749261412769556,5
chunk,chunk-2,44,1015,1,0.06849104911088943,0.017054980993270873,6
chunk,chunk-2,44,1016,1,0.09297845512628555,0.016633186489343643,6
chunk,chunk-2,44,1017,0,0.14107121527194977,0.008756324923477875,40
chunk,chunk-2,44,1018,1,0.06852176040410995,0.01397536943356196,4
chunk,chunk-2,44,1019,1,0.09716988354921341,0.01630608458071947,6
chunk,chunk-2,55,1000,1,0.07868608832359314,0.01556708524003625,5
chunk,chunk-2,55,1001,0,0.13822034001350403,0.012514309838223152,40
chunk,chunk-2,55,1002,1,0.08172040432691574,0.013496647705323994,5
chunk,chunk-2,55,1003,1,0.08221393078565598,0.013858036836609244,7
chunk,chunk-2,55,1004,1,0.09286180883646011,0.011632278619799763,9
chunk,chunk-2,55,1005,1,0.0792776346206665,0.017273663942302977,8
chunk,chunk-2,55,1006,1,0.07257489114999771,0.016949790343642235,6
chunk,chunk-2,55,1007,1,0.06706883013248444,0.018121061979659965,8
chunk,chunk-2,55,1008,1,0.08731962740421295,0.019257573410868645,7
chunk,chunk-2,55,1009,1,0.08058647066354752,0.01316448680258223,8
chunk,chunk-2,55,1010,1,0.0886034369468689,0.015701955494781334,7
chunk,chunk-2,55,1011,1,0.08141620457172394,0.017078658007085322,6
chunk,chunk-2,55,1012,1,0.059345707297325134,0.0179272157450517,7
chunk,chunk-2,55,1013,1,0.0837470144033432,0.0,1
chunk,chunk-2,55,1014,1,0.09114526957273483,0.016204299870878458,5
chunk,chunk-2,55,1015,1,0.06824769824743271,0.016785969398915766,6
chunk,chunk-2,55,1016,1,0.09120390564203262,0.016553670167922974,6
chunk,chunk-2,55,1017,0,0.13825291395187378,0.012738721003421606,40
chunk,chunk-2,55,1018,1,0.06789617985486984,0.014057212819655737,4
chunk,chunk-2,55,1019,1,0.09479927271604538,0.016330009326338768,6
chunk,chunk-4,11,1000,1,0.09757616370916367,0.014825381804257631,5
chunk,chunk-4,11,1001,0,0.27852290868759155,0.015485403390649037,40
chunk,chunk-4,11,1002,1,0.07335531711578369,0.012353009264916181,6
chunk,chunk-4,11,1003,0,0.27800291776657104,0.014702114193007732,40
chunk,chunk-4,11,1004,0,0.2781825363636017,0.01510720181828126,40
chunk,chunk-4,11,1005,1,0.07451833039522171,0.02187080992734991,9
chunk,chunk-4,11,1006,1,0.09094802290201187,0.017397890985012054,6
chunk,chunk-4,11,1007,1,0.057743579149246216,0.021228297729976475,9
chunk,chunk-4,11,1008,1,0.07855159789323807,0.02222204447856971,8
chunk,chunk-4,11,1009,0,0.2778465747833252,0.014928177524453554,40
chunk,chunk-4,11,1010,1,0.09555786848068237,0.018403547949024608,8
chunk,chunk-4,11,1011,1,0.061164889484643936,0.01665571037059029,7
chunk,chunk-4,11,1012,1,0.08765080571174622,0.020804527060439188,7
chunk,chunk-4,11,1013,1,0.08700639009475708,0.0,1
chunk,chunk-4,11,1014,1,0.058185283094644547,0.014822216797620058,6
chunk,chunk-4,11,1015,1,0.08456090092658997,0.017009004764258862,6
chunk,chunk-4,11,1016,1,0.09086838364601135,0.01575863780453801,7
chunk,chunk-4,11,1017,0,0.27710095047950745,0.01468167446840268,40
chunk,chunk-4,11,1018,1,0.0690508559346199,0.013212907438476881,4
chunk,chunk-4,11,1019,1,0.08535972982645035,0.013656988241044539,8
chunk,chunk-4,22,1000,1,0.05620376393198967,0.012610370852053165,6
chunk,chunk-4,22,1001,0,0.27471593022346497,0.010095199140218588,40
chunk,chunk-4,22,1002,1,0.07129929959774017,0.013121491204947234,6
chunk,chunk-4,22,1003,0,0.27353566884994507,0.010722060126658434,40
chunk,chunk-4,22,1004,0,0.272574782371521,0.01134246425368847,40
chunk,chunk-4,22,1005,1,0.07543320953845978,0.01819301889918279,9
chunk,chunk-4,22,1006,1,0.09230884909629822,0.01556509817019105,6
chunk,chunk-4,22,1007,1,0.05691608041524887,0.018172592157498002,9
chunk,chunk-4,22,1008,1,0.0825052335858345,0.01899491117468902,8
chunk,chunk-4,22,1009,0,0.2731425166130066,0.011042581011469547,40
chunk,chunk-4,22,1010,1,0.09171025454998016,0.017815792667014257,8
chunk,chunk-4,22,1011,1,0.05830634385347366,0.015205767937004566,7
chunk,chunk-4,22,1012,1,0.09157530218362808,0.01702298386953771,7
chunk,chunk-4,22,1013,1,0.09090440720319748,0.0,1
chunk,chunk-4,22,1014,1,0.06056654825806618,0.013619070919230581,6
chunk,chunk-4,22,1015,1,0.08653971552848816,0.015199753642082214,6
chunk,chunk-4,22,1016,1,0.08623603731393814,0.01577774217973153,7
chunk,chunk-4,22,1017,0,0.2769831717014313,0.011261323359436713,40
chunk,chunk-4,22,1018,1,0.07219606637954712,0.013322220804790655,4
chunk,chunk-4,22,1019,1,0.09724168479442596,0.015895215484003227,7
chunk,chunk-4,33,1000,1,0.09402363002300262,0.01428848085924983,5
chunk,chunk-4,33,1001,0,0.2564815282821655,0.013783010743701687,40
chunk,chunk-4,33,1002,1,0.07154186815023422,0.010749839153140784,6
chunk,chunk-4,33,1003,0,0.25499317049980164,0.013199109118431807,40
chunk,chunk-4,33,1004,0,0.25430580973625183,0.013530106468794819,40
chunk,chunk-4,33,1005,1,0.06361084431409836,0.019020781648578122,9
chunk,chunk-4,33,1006,1,0.08759243041276932,0.015374951623380184,6
chunk,chunk-4,33,1007,1,0.05290718376636505,0.0175563849916216,9
chunk,chunk-4,33,1008,1,0.07469067722558975,0.019283016212284565,8
chunk,chunk-4,33,1009,0,0.2545333802700043,0.013337765486003498,40
chunk,chunk-4,33,1010,1,0.09264148771762848,0.015501364400344235,8
chunk,chunk-4,33,1011,1,0.06025635823607445,0.015117588452994823,7
chunk,chunk-4,33,1012,1,0.0860302671790123,0.01880925754085183,7
chunk,chunk-4,33,1013,1,0.09252100437879562,0.0,1
chunk,chunk-4,33,1014,1,0.05527108535170555,0.013907323125749826,6
chunk,chunk-4,33,1015,1,0.08132591098546982,0.015231729112565517,6
chunk,chunk-4,33,1016,1,0.0878865048289299,0.013996927222857872,7
chunk,chunk-4,33,1017,0,0.2575426995754242,0.013883892482576462,40
chunk,chunk-4,33,1018,1,0.07086203992366791,0.013244573647777239,4
chunk,chunk-4,33,1019,1,0.09817253053188324,0.013584023108705878,7
chunk,chunk-4,44,1000,1,0.09882199019193649,0.014106151298619807,5
chunk,chunk-4,44,1001,0,0.2828426957130432,0.015365416172127694,40
chunk,chunk-4,44,1002,1,0.07819560915231705,0.011716840323060751,6
chunk,chunk-4,44,1003,0,0.2828426957130432,0.01453268019339213,40
chunk,chunk-4,44,1004,0,0.2828426957130432,0.014835763173416639,40
chunk,chunk-4,44,1005,1,0.07673268765211105,0.020677273656474426,9
chunk,chunk-4,44,1006,1,0.09629044681787491,0.01616185624152422,6
chunk,chunk-4,44,1007,1,0.06150392070412636,0.01973516179714352,9
chunk,chunk-4,44,1008,1,0.08573625236749649,0.02052174654922315,8
chunk,chunk-4,44,1009,0,0.2828426957130432,0.014663220747397879,40
chunk,chunk-4,44,1010,1,0.0745256319642067,0.01546953886281699,9
chunk,chunk-4,44,1011,1,0.06412331759929657,0.0149320214210699,7
chunk,chunk-4,44,1012,1,0.09390834718942642,0.019172834387669962,7
chunk,chunk-4,44,1013,1,0.09094458818435669,0.0,1
chunk,chunk-4,44,1014,1,0.062165532261133194,0.014362280257046223,6
chunk,chunk-4,44,1015,1,0.0898052230477333,0.01593632735311985,6
chunk,chunk-4,44,1016,1,0.09181755781173706,0.01358571695163846,7
chunk,chunk-4,44,1017,0,0.2828426957130432,0.014186030486598611,40
chunk,chunk-4,44,1018,1,0.07120276987552643,0.012878079277773699,4
chunk,chunk-4,44,1019,1,0.09179770946502686,0.012893571518361568,8
chunk,chunk-4,55,1000,1,0.0983135774731636,0.0130364311626181,5
chunk,chunk-4,55,1001,0,0.2828426957130432,0.010799791395234374,40
chunk,chunk-4,55,1002,1,0.07567537575960159,0.012624424230307341,6
chunk,chunk-4,55,1003,0,0.2828426957130432,0.011326615459834918,40
chunk,chunk-4,55,1004,0,0.2828426957130432,0.011684282175384654,40
chunk,chunk-4,55,1005,1,0.07222917675971985,0.019595837278757244,9
chunk,chunk-4,55,1006,1,0.09430743008852005,0.015916904807090758,6
chunk,chunk-4,55,1007,1,0.058591004461050034,0.01875096041476354,9
chunk,chunk-4,55,1008,1,0.08596449345350266,0.019092934472220286,8
chunk,chunk-4,55,1009,0,0.2828426957130432,0.011782747979920644,40
chunk,chunk-4,55,1010,1,0.09209725260734558,0.018094699563724653,8
chunk,chunk-4,55,1011,1,0.06253789365291595,0.01577307020003597,7
chunk,chunk-4,55,1012,1,0.09662246704101562,0.017649144399911165,7
chunk,chunk-4,55,1013,1,0.09748850762844086,0.0,1
chunk,chunk-4,55,1014,1,0.06071148440241814,0.013997430074959993,6
chunk,chunk-4,55,1015,1,0.08817797899246216,0.0155649958178401,6
chunk,chunk-4,55,1016,1,0.08874454349279404,0.015769819729030132,7
chunk,chunk-4,55,1017,0,0.2828426957130432,0.01313503170445657,40
chunk,chunk-4,55,1018,1,0.07199152559041977,0.012238992378115654,4
chunk,chunk-4,55,1019,1,0.09931506216526031,0.015627133039136726,7
chunk,chunk-8,11,1000,1,0.0865405946969986,0.01455799825489521,6
chunk,chunk-8,11,1001,0,0.2651687562465668,0.019957877659740355,40
chunk,chunk-8,11,1002,1,0.09235072135925293,0.01261731181293726,6
chunk,chunk-8,11,1003,0,0.26516926288604736,0.01988232798444537,40
chunk,chunk-8,11,1004,0,0.2651694715023041,0.020919321809346095,40
chunk,chunk-8,11,1005,1,0.07944674044847488,0.026156525931913744,12
chunk,chunk-8,11,1006,1,0.06322090327739716,0.02214706444647163,9
chunk,chunk-8,11,1007,1,0.062095463275909424,0.02513100727545944,12
chunk,chunk-8,11,1008,1,0.07172130048274994,0.024882949562743305,11
chunk,chunk-8,11,1009,0,0.26516973972320557,0.020342645766691137,40
chunk,chunk-8,11,1010,1,0.08692340552806854,0.022702599735930563,11
chunk,chunk-8,11,1011,1,0.08033034205436707,0.022470293508376926,9
chunk,chunk-8,11,1012,1,0.07464279979467392,0.02365119993272755,10
chunk,chunk-8,11,1013,1,0.09295081347227097,0.0,1
chunk,chunk-8,11,1014,1,0.07043027877807617,0.013448512802521387,7
chunk,chunk-8,11,1015,1,0.05593273788690567,0.021904827910475433,9
chunk,chunk-8,11,1016,1,0.07587506622076035,0.02032033786074155,10
chunk,chunk-8,11,1017,0,0.2651689052581787,0.02057220315775619,40
chunk,chunk-8,11,1018,1,0.07206562161445618,0.012882782767216364,4
chunk,chunk-8,11,1019,1,0.08974401652812958,0.020145357457093067,10
chunk,chunk-8,22,1000,1,0.0886102169752121,0.0149069020524621,6
chunk,chunk-8,22,1001,0,0.26321983337402344,0.02128229738595203,40
chunk,chunk-8,22,1002,1,0.07865043729543686,0.0148225004474322,7
chunk,chunk-8,22,1003,1,0.09919995069503784,0.020867257611826062,11
chunk,chunk-8,22,1004,0,0.2632189691066742,0.022191545102172174,40
chunk,chunk-8,22,1005,1,0.0590553805232048,0.02870042092928832,12
chunk,chunk-8,22,1006,1,0.05612516403198242,0.02415706153260544,9
chunk,chunk-8,22,1007,1,0.08143109083175659,0.02857581409625709,11
chunk,chunk-8,22,1008,1,0.05461067706346512,0.026746504195034503,11
chunk,chunk-8,22,1009,0,0.2631995677947998,0.021710156239210986,40
chunk,chunk-8,22,1010,1,0.09711503237485886,0.025645494564539857,10
chunk,chunk-8,22,1011,1,0.06074928119778633,0.02423465740866959,9
chunk,chunk-8,22,1012,1,0.07641832530498505,0.026218203517297905,10
chunk,chunk-8,22,1013,1,0.09242895990610123,0.0,1
chunk,chunk-8,22,1014,1,0.07557401806116104,0.014559703568617502,7
chunk,chunk-8,22,1015,1,0.05589156597852707,0.024047518498264253,9
chunk,chunk-8,22,1016,1,0.07693281024694443,0.02391822636127472,9
chunk,chunk-8,22,1017,0,0.26317521929740906,0.02379002636119437,40
chunk,chunk-8,22,1018,1,0.07134281098842621,0.01265675046791633,4
chunk,chunk-8,22,1019,1,0.08554039150476456,0.023867049952968955,9
chunk,chunk-8,33,1000,1,0.08584462851285934,0.013906919956207275,6
chunk,chunk-8,33,1001,0,0.27645036578178406,0.014852108314442329,40
chunk,chunk-8,33,1002,1,0.09965676814317703,0.01191142424941063,6
chunk,chunk-8,33,1003,0,0.27645042538642883,0.016188870255763713,40
chunk,chunk-8,33,1004,0,0.2764524817466736,0.017774497899107445,40
chunk,chunk-8,33,1005,1,0.06806968152523041,0.026525160170752893,12
chunk,chunk-8,33,1006,1,0.06044070050120354,0.022669006139039993,9
chunk,chunk-8,33,1007,1,0.09665273874998093,0.026511791907250882,11
chunk,chunk-8,33,1008,1,0.06635235249996185,0.025320200063288213,11
chunk,chunk-8,33,1009,0,0.2764515280723572,0.016903890458007272,40
chunk,chunk-8,33,1010,1,0.08743736892938614,0.022812379337847234,11
chunk,chunk-8,33,1011,1,0.07811345905065536,0.02290888177230954,9
chunk,chunk-8,33,1012,1,0.07405460625886917,0.024715107374100223,10
chunk,chunk-8,33,1013,1,0.0961403027176857,0.0,1
chunk,chunk-8,33,1014,1,0.07110045105218887,0.013080817569668094,7
chunk,chunk-8,33,1015,1,0.05332781374454498,0.022449187061283737,9
chunk,chunk-8,33,1016,1,0.07961788028478622,0.02129637600026197,10
chunk,chunk-8,33,1017,0,0.2764502763748169,0.018584268525815927,40
chunk,chunk-8,33,1018,1,0.07252597063779831,0.012319617283840975,4
chunk,chunk-8,33,1019,1,0.0947786495089531,0.021167661994695663,10
chunk,chunk-8,44,1000,1,0.08960052579641342,0.013689065724611283,6
chunk,chunk-8,44,1001,0,0.274623841047287,0.027215131856978703,40
chunk,chunk-8,44,1002,1,0.09744051098823547,0.01286536167996625,7
chunk,chunk-8,44,1003,0,0.274623841047287,0.02517110207834496,40
chunk,chunk-8,44,1004,0,0.274623841047287,0.02522214309264643,40
chunk,chunk-8,44,1005,1,0.07378976792097092,0.026289164554327726,12
chunk,chunk-8,44,1006,1,0.05291944369673729,0.02199266239767894,9
chunk,chunk-8,44,1007,1,0.09809214621782303,0.025918351579457523,11
chunk,chunk-8,44,1008,1,0.06891567260026932,0.02454916494898498,11
chunk,chunk-8,44,1009,0,0.274623841047287,0.024969479887005992,40
chunk,chunk-8,44,1010,1,0.07604116201400757,0.020905941165983676,11
chunk,chunk-8,44,1011,1,0.06269395351409912,0.021815159125253558,9
chunk,chunk-8,44,1012,1,0.08084959536790848,0.023818533453676436,10
chunk,chunk-8,44,1013,1,0.09595043212175369,0.0,1
chunk,chunk-8,44,1014,1,0.0818583220243454,0.0139313410812368,7
chunk,chunk-8,44,1015,1,0.04957975819706917,0.021944080479443073,9
chunk,chunk-8,44,1016,1,0.08568309992551804,0.02069063379894942,9
chunk,chunk-8,44,1017,0,0.274623841047287,0.02677436964586377,40
chunk,chunk-8,44,1018,1,0.07132548093795776,0.011667046695947647,4
chunk,chunk-8,44,1019,1,0.09751182049512863,0.02025849255733192,9
chunk,chunk-8,55,1000,1,0.09695543348789215,0.014695880934596062,6
chunk,chunk-8,55,1001,0,0.2828426957130432,0.021840914898814682,40
chunk,chunk-8,55,1002,1,0.09554702043533325,0.01203712448477745,7
chunk,chunk-8,55,1003,0,0.2828426957130432,0.02021704626102478,40
chunk,chunk-8,55,1004,0,0.2828426957130432,0.02110355897830465,40
chunk,chunk-8,55,1005,1,0.09286239743232727,0.02344756545498967,11
chunk,chunk-8,55,1006,1,0.08519545942544937,0.014664460838373219,8
chunk,chunk-8,55,1007,1,0.07578660547733307,0.02142893150448799,11
chunk,chunk-8,55,1008,1,0.09180498868227005,0.020651784104605515,10
chunk,chunk-8,55,1009,0,0.2828426957130432,0.02041727403560892,40
chunk,chunk-8,55,1010,1,0.08714719116687775,0.017211837181821465,11
chunk,chunk-8,55,1011,1,0.05784687399864197,0.01504028431372717,9
chunk,chunk-8,55,1012,1,0.09753101319074631,0.019007805385626853,9
chunk,chunk-8,55,1013,1,0.09844818711280823,0.0,1
chunk,chunk-8,55,1014,1,0.08014227449893951,0.01338297602099677,7
chunk,chunk-8,55,1015,1,0.0765136331319809,0.014534099227083581,8
chunk,chunk-8,55,1016,1,0.08536744117736816,0.013840181908259789,10
chunk,chunk-8,55,1017,0,0.2828426957130432,0.023267980497808028,40
chunk,chunk-8,55,1018,1,0.06986236572265625,0.01135965809226036,4
chunk,chunk-8,55,1019,0,0.2828426957130432,0.020035867143470127,40
bc-capacity,hidden-32,11,1000,0,0.2828426957130432,0.00024051072138648195,40
bc-capacity,hidden-32,11,1001,0,0.2828426957130432,6.390292270598598e-05,40
bc-capacity,hidden-32,11,1002,1,0.10529860109090805,0.0008301899943035096,5
bc-capacity,hidden-32,11,1003,0,0.2828426957130432,0.00017070714168837114,40
bc-capacity,hidden-32,11,1004,0,0.2828426957130432,0.00015754947395553478,40
bc-capacity,hidden-32,11,1005,0,0.2828426957130432,0.0003705637989183649,40
bc-capacity,hidden-32,11,1006,1,0.10690385103225708,0.000864009081851691,6
bc-capacity,hidden-32,11,1007,1,0.07741314172744751,0.0008829396489697198,10
bc-capacity,hidden-32,11,1008,1,0.1184823215007782,0.0008850846570567228,9
bc-capacity,hidden-32,11,1009,0,0.2828426957130432,0.00020218710415065289,40
bc-capacity,hidden-32,11,1010,0,0.2828426957130432,0.000252563158051672,40
bc-capacity,hidden-32,11,1011,1,0.11858036369085312,0.0008599998778663576,6
bc-capacity,hidden-32,11,1012,0,0.2828426957130432,0.0003094716155782151,40
bc-capacity,hidden-32,11,1013,0,0.2828426957130432,6.131424817841691e-05,40
bc-capacity,hidden-32,11,1014,1,0.08491230010986328,0.0008582628332078456,6
bc-capacity,hidden-32,11,1015,1,0.10281461477279663,0.0008641822380013764,6
bc-capacity,hidden-32,11,1016,0,0.2828426957130432,0.0002143341743458922,40
bc-capacity,hidden-32,11,1017,0,0.2828426957130432,0.00028358190357744787,40
bc-capacity,hidden-32,11,1018,1,0.11460006982088089,0.0008492616470903158,3
bc-capacity,hidden-32,11,1019,0,0.2828426957130432,0.00020353587341303818,40
bc-capacity,hidden-32,22,1000,0,0.2828426957130432,0.00024494715333462524,40
bc-capacity,hidden-32,22,1001,0,0.2828426957130432,0.00010004773876295448,40
bc-capacity,hidden-32,22,1002,1,0.1066713035106659,0.0009600961930118501,5
bc-capacity,hidden-32,22,1003,0,0.2828426957130432,0.00023078799541765012,40
bc-capacity,hidden-32,22,1004,0,0.2828426957130432,0.000241830759944442,40
bc-capacity,hidden-32,22,1005,0,0.2828426957130432,0.0003950704732023251,40
bc-capacity,hidden-32,22,1006,1,0.10887492448091507,0.0009838032303377986,6
bc-capacity,hidden-32,22,1007,1,0.08220487087965012,0.0010031688143499196,10
bc-capacity,hidden-32,22,1008,1,0.10013996064662933,0.0009954805912760396,10
bc-capacity,hidden-32,22,1009,0,0.2828426957130432,0.0002699747937862039,40
bc-capacity,hidden-32,22,1010,0,0.2828426957130432,0.00030408393425974424,40
bc-capacity,hidden-32,22,1011,1,0.11746810376644135,0.0009839659789577127,6
bc-capacity,hidden-32,22,1012,0,0.2828426957130432,0.00032245365004294005,40
bc-capacity,hidden-32,22,1013,0,0.2828426957130432,7.72309259702571e-05,40
bc-capacity,hidden-32,22,1014,1,0.08880826830863953,0.0009743903763592243,6
bc-capacity,hidden-32,22,1015,1,0.10590354353189468,0.0009826509514823556,6
bc-capacity,hidden-32,22,1016,0,0.2828426957130432,0.0002595906068260471,40
bc-capacity,hidden-32,22,1017,0,0.2828426957130432,0.00023178367141204385,40
bc-capacity,hidden-32,22,1018,1,0.11637632548809052,0.0009653473098296672,3
bc-capacity,hidden-32,22,1019,0,0.2828426957130432,0.0002524942265620503,40
bc-capacity,hidden-32,33,1000,0,0.2828426957130432,0.0002645258485781363,40
bc-capacity,hidden-32,33,1001,0,0.2828426957130432,9.886195692114341e-05,40
bc-capacity,hidden-32,33,1002,1,0.1061846911907196,0.001001329772407189,5
bc-capacity,hidden-32,33,1003,0,0.2828426957130432,0.000235266679038222,40
bc-capacity,hidden-32,33,1004,0,0.2828426957130432,0.00023962028036550738,40
bc-capacity,hidden-32,33,1005,0,0.2828426957130432,0.00042401691928553657,40
bc-capacity,hidden-32,33,1006,1,0.1152724102139473,0.0010313900420442224,6
bc-capacity,hidden-32,33,1007,1,0.09189697355031967,0.0010537548740911814,10
bc-capacity,hidden-32,33,1008,1,0.10626579076051712,0.0010461059735260075,10
bc-capacity,hidden-32,33,1009,0,0.2828426957130432,0.00027628445241134614,40
bc-capacity,hidden-32,33,1010,0,0.2828426957130432,0.0003191948777291542,40
bc-capacity,hidden-32,33,1011,1,0.045788466930389404,0.0010237911677298446,7
bc-capacity,hidden-32,33,1012,0,0.2828426957130432,0.0003471481370350095,40
bc-capacity,hidden-32,33,1013,0,0.2828426957130432,8.03883468063596e-05,40
bc-capacity,hidden-32,33,1014,1,0.09378698468208313,0.0010216565802693366,6
bc-capacity,hidden-32,33,1015,1,0.11229429394006729,0.0010304435389116406,6
bc-capacity,hidden-32,33,1016,0,0.2828426957130432,0.00027236303550382267,40
bc-capacity,hidden-32,33,1017,0,0.2828426957130432,0.0002584257298831989,40
bc-capacity,hidden-32,33,1018,1,0.11972953379154205,0.0010110009461641312,3
bc-capacity,hidden-32,33,1019,0,0.2828426957130432,0.0002632786183592263,40
bc-capacity,hidden-32,44,1000,0,0.2828426957130432,0.00020788676547220885,40
bc-capacity,hidden-32,44,1001,0,0.2828426957130432,6.925483504369951e-05,40
bc-capacity,hidden-32,44,1002,1,0.11125277727842331,0.0007506736292270944,5
bc-capacity,hidden-32,44,1003,0,0.2828426957130432,0.00017039690021938906,40
bc-capacity,hidden-32,44,1004,0,0.2828426957130432,0.00016866455534443213,40
bc-capacity,hidden-32,44,1005,0,0.2828426957130432,0.0003273387600739415,40
bc-capacity,hidden-32,44,1006,1,0.11608558148145676,0.000771857111249119,6
bc-capacity,hidden-32,44,1007,1,0.0942305475473404,0.0007850340658074452,10
bc-capacity,hidden-32,44,1008,1,0.09799299389123917,0.0007819795929309395,10
bc-capacity,hidden-32,44,1009,0,0.2828426957130432,0.0002004938362052855,40
bc-capacity,hidden-32,44,1010,0,0.2828426957130432,0.00023718339313442507,40
bc-capacity,hidden-32,44,1011,1,0.0504656657576561,0.0007660741199894497,7
bc-capacity,hidden-32,44,1012,0,0.2828426957130432,0.0002703886428394188,40
bc-capacity,hidden-32,44,1013,0,0.2828426957130432,5.908643689531928e-05,40
bc-capacity,hidden-32,44,1014,1,0.08892554044723511,0.0007674779859371484,6
bc-capacity,hidden-32,44,1015,1,0.11167696118354797,0.0007717753411270678,6
bc-capacity,hidden-32,44,1016,0,0.2828426957130432,0.00020210625967966058,40
bc-capacity,hidden-32,44,1017,0,0.2828426957130432,0.00022236114399185262,40
bc-capacity,hidden-32,44,1018,1,0.11797063052654266,0.000761215720558539,3
bc-capacity,hidden-32,44,1019,0,0.2828426957130432,0.00019429984165934654,40
bc-capacity,hidden-32,55,1000,0,0.2828426957130432,0.00023334770305201603,40
bc-capacity,hidden-32,55,1001,0,0.2828426957130432,0.00010738769420780815,40
bc-capacity,hidden-32,55,1002,1,0.10325165092945099,0.0009264126565540209,5
bc-capacity,hidden-32,55,1003,0,0.2828426957130432,0.00023581766641328638,40
bc-capacity,hidden-32,55,1004,0,0.2828426957130432,0.0002585753532819068,40
bc-capacity,hidden-32,55,1005,0,0.2828426957130432,0.0003777837413601959,40
bc-capacity,hidden-32,55,1006,1,0.10771327465772629,0.0009466825984418392,6
bc-capacity,hidden-32,55,1007,1,0.08576714992523193,0.0009637616199648215,10
bc-capacity,hidden-32,55,1008,1,0.10748275369405746,0.0009567346359189185,10
bc-capacity,hidden-32,55,1009,0,0.2828426957130432,0.00027434694885204616,40
bc-capacity,hidden-32,55,1010,1,0.11749100685119629,0.0009424169111298397,9
bc-capacity,hidden-32,55,1011,1,0.11411327868700027,0.0009470722288824618,6
bc-capacity,hidden-32,55,1012,0,0.2828426957130432,0.0003077033638524321,40
bc-capacity,hidden-32,55,1013,0,0.2828426957130432,7.64749547203955e-05,40
bc-capacity,hidden-32,55,1014,1,0.08998452126979828,0.0009381741867400706,6
bc-capacity,hidden-32,55,1015,1,0.10541769862174988,0.0009455898660235107,6
bc-capacity,hidden-32,55,1016,1,0.11749181896448135,0.0009349223012880733,7
bc-capacity,hidden-32,55,1017,0,0.2828426957130432,0.00022005864407103031,40
bc-capacity,hidden-32,55,1018,1,0.11545450240373611,0.000930279609747231,3
bc-capacity,hidden-32,55,1019,0,0.2828426957130432,0.000249214480834034,40
bc-capacity,hidden-64,11,1000,0,0.2828426957130432,0.0003229475398070346,40
bc-capacity,hidden-64,11,1001,0,0.2828426957130432,8.29840514014881e-05,40
bc-capacity,hidden-64,11,1002,1,0.10393114387989044,0.0010006416850956157,5
bc-capacity,hidden-64,11,1003,0,0.2828426957130432,0.00021221411645036333,40
bc-capacity,hidden-64,11,1004,0,0.2828426957130432,0.00020721452221131095,40
bc-capacity,hidden-64,11,1005,1,0.1127753034234047,0.0011388637940399349,11
bc-capacity,hidden-64,11,1006,1,0.10303515195846558,0.0010785930790007114,6
bc-capacity,hidden-64,11,1007,1,0.06852610409259796,0.001108172685942716,10
bc-capacity,hidden-64,11,1008,1,0.10876904428005219,0.0011200608860235661,9
bc-capacity,hidden-64,11,1009,0,0.2828426957130432,0.0002526456599484962,40
bc-capacity,hidden-64,11,1010,0,0.2828426957130432,0.0003078826785218926,40
bc-capacity,hidden-64,11,1011,1,0.11648733913898468,0.0010630049044266343,6
bc-capacity,hidden-64,11,1012,0,0.2828426957130432,0.00040899650999703084,40
bc-capacity,hidden-64,11,1013,0,0.2828426957130432,7.49998322974604e-05,40
bc-capacity,hidden-64,11,1014,1,0.08068497478961945,0.0010768796550109983,6
bc-capacity,hidden-64,11,1015,1,0.09838366508483887,0.0010817253030836582,6
bc-capacity,hidden-64,11,1016,1,0.11948370933532715,0.001009038077124084,7
bc-capacity,hidden-64,11,1017,0,0.2828426957130432,0.00043242268461304216,40
bc-capacity,hidden-64,11,1018,1,0.11242201924324036,0.0010623246198520064,3
bc-capacity,hidden-64,11,1019,0,0.2828426957130432,0.0002515214989379717,40
bc-capacity,hidden-64,22,1000,0,0.2828426957130432,0.0003406634645309681,40
bc-capacity,hidden-64,22,1001,0,0.2828426957130432,0.00013807384246506562,40
bc-capacity,hidden-64,22,1002,1,0.10400593280792236,0.0012439129641279578,5
bc-capacity,hidden-64,22,1003,0,0.2828426957130432,0.0003092540338492164,40
bc-capacity,hidden-64,22,1004,0,0.2828426957130432,0.00033355350844944135,40
bc-capacity,hidden-64,22,1005,0,0.2828426957130432,0.0005361798789519339,40
bc-capacity,hidden-64,22,1006,1,0.1059412956237793,0.001296014478430152,6
bc-capacity,hidden-64,22,1007,1,0.07560611516237259,0.00132769454891483,10
bc-capacity,hidden-64,22,1008,1,0.11915033310651779,0.0013295396929606795,9
bc-capacity,hidden-64,22,1009,0,0.2828426957130432,0.00036110596836526663,40
bc-capacity,hidden-64,22,1010,1,0.11598022282123566,0.0012711683666566387,9
bc-capacity,hidden-64,22,1011,1,0.11529064923524857,0.0012912747217342258,6
bc-capacity,hidden-64,22,1012,0,0.2828426957130432,0.00044275213552352326,40
bc-capacity,hidden-64,22,1013,0,0.2828426957130432,0.00010220001403910991,40
bc-capacity,hidden-64,22,1014,1,0.08487959206104279,0.0012846131110563874,6
bc-capacity,hidden-64,22,1015,1,0.10254672169685364,0.0012956807389855386,6
bc-capacity,hidden-64,22,1016,1,0.11713528633117676,0.0012577458983287215,7
bc-capacity,hidden-64,22,1017,0,0.2828426957130432,0.0003689648658156586,40
bc-capacity,hidden-64,22,1018,1,0.11478958278894424,0.0012695225304923952,3
bc-capacity,hidden-64,22,1019,0,0.2828426957130432,0.000333781633227586,40
bc-capacity,hidden-64,33,1000,0,0.2828426957130432,0.0003200093573795106,40
bc-capacity,hidden-64,33,1001,0,0.2828426957130432,0.00011588595449351348,40
bc-capacity,hidden-64,33,1002,1,0.10207311064004898,0.0010518376948311925,5
bc-capacity,hidden-64,33,1003,0,0.2828426957130432,0.0002611691310542086,40
bc-capacity,hidden-64,33,1004,0,0.2828426957130432,0.0002811319696215483,40
bc-capacity,hidden-64,33,1005,0,0.2828426957130432,0.0004887053342267441,40
bc-capacity,hidden-64,33,1006,1,0.11322624981403351,0.00110833456274122,6
bc-capacity,hidden-64,33,1007,1,0.08576446026563644,0.0011358626652508974,10
bc-capacity,hidden-64,33,1008,1,0.09505173563957214,0.00113356643770304,10
bc-capacity,hidden-64,33,1009,0,0.2828426957130432,0.00030688908251856145,40
bc-capacity,hidden-64,33,1010,1,0.11153562366962433,0.0010730249632615596,9
bc-capacity,hidden-64,33,1011,1,0.04601321369409561,0.001091646496206522,7
bc-capacity,hidden-64,33,1012,0,0.2828426957130432,0.00040976670182620484,40
bc-capacity,hidden-64,33,1013,0,0.2828426957130432,8.702572608271088e-05,40
bc-capacity,hidden-64,33,1014,1,0.08825066685676575,0.001102785300463438,6
bc-capacity,hidden-64,33,1015,1,0.10910385102033615,0.0011095882160589098,6
bc-capacity,hidden-64,33,1016,1,0.11450430005788803,0.0010618934757076204,7
bc-capacity,hidden-64,33,1017,0,0.2828426957130432,0.0003921183662709947,40
bc-capacity,hidden-64,33,1018,1,0.11779259145259857,0.0010892882710322738,3
bc-capacity,hidden-64,33,1019,0,0.2828426957130432,0.0002837973252798502,40
bc-capacity,hidden-64,44,1000,0,0.2828426957130432,0.00042680304987021745,40
bc-capacity,hidden-64,44,1001,0,0.2828426957130432,0.00012905736758302039,40
bc-capacity,hidden-64,44,1002,1,0.11037030816078186,0.0015037343837320805,5
bc-capacity,hidden-64,44,1003,0,0.2828426957130432,0.00032926291131820436,40
bc-capacity,hidden-64,44,1004,0,0.2828426957130432,0.00031550130911338597,40
bc-capacity,hidden-64,44,1005,1,0.11868151277303696,0.0016774288029409944,11
bc-capacity,hidden-64,44,1006,1,0.10863076150417328,0.001597227668389678,6
bc-capacity,hidden-64,44,1007,1,0.07090087234973907,0.0016491652802667683,10
bc-capacity,hidden-64,44,1008,1,0.11320819705724716,0.0016545390681130812,9
bc-capacity,hidden-64,44,1009,0,0.2828426957130432,0.00038948135214666714,40
bc-capacity,hidden-64,44,1010,0,0.2828426957130432,0.00047339455266363727,40
bc-capacity,hidden-64,44,1011,1,0.04701938480138779,0.0015707268806484838,7
bc-capacity,hidden-64,44,1012,0,0.2828426957130432,0.0005533578790700397,40
bc-capacity,hidden-64,44,1013,0,0.2828426957130432,0.00011697581925172693,40
bc-capacity,hidden-64,44,1014,1,0.08408176153898239,0.0015796434599906206,6
bc-capacity,hidden-64,44,1015,1,0.10413449257612228,0.0015972933266311883,6
bc-capacity,hidden-64,44,1016,0,0.2828426957130432,0.00040317238129388826,40
bc-capacity,hidden-64,44,1017,0,0.2828426957130432,0.000469698566191185,40
bc-capacity,hidden-64,44,1018,1,0.11691794544458389,0.0015540089225396514,3
bc-capacity,hidden-64,44,1019,0,0.2828426957130432,0.0003850726285376228,40
bc-capacity,hidden-64,55,1000,0,0.2828426957130432,0.0006282119952046719,40
bc-capacity,hidden-64,55,1001,0,0.2828426957130432,0.00016785681826802783,40
bc-capacity,hidden-64,55,1002,1,0.10050275921821594,0.002097994089126587,5
bc-capacity,hidden-64,55,1003,0,0.2828426957130432,0.0004422063834798069,40
bc-capacity,hidden-64,55,1004,0,0.2828426957130432,0.000410227013232473,40
bc-capacity,hidden-64,55,1005,1,0.11700271815061569,0.0024934243876487015,11
bc-capacity,hidden-64,55,1006,1,0.09394721686840057,0.0023236431647092105,6
bc-capacity,hidden-64,55,1007,1,0.10948734730482101,0.0024562036851421,9
bc-capacity,hidden-64,55,1008,1,0.09501786530017853,0.0024455038364976645,9
bc-capacity,hidden-64,55,1009,0,0.2828426957130432,0.0005237776472663077,40
bc-capacity,hidden-64,55,1010,1,0.11163480579853058,0.002177668415242806,9
bc-capacity,hidden-64,55,1011,1,0.10605106502771378,0.0022890572901815174,6
bc-capacity,hidden-64,55,1012,0,0.2828426957130432,0.0008075539625655764,40
bc-capacity,hidden-64,55,1013,0,0.2828426957130432,0.000158818775395421,40
bc-capacity,hidden-64,55,1014,1,0.08145681023597717,0.002299640653654933,6
bc-capacity,hidden-64,55,1015,1,0.09101024270057678,0.002328182803466916,6
bc-capacity,hidden-64,55,1016,1,0.11247734725475311,0.00213666718142728,7
bc-capacity,hidden-64,55,1017,0,0.2828426957130432,0.0007481832954232605,40
bc-capacity,hidden-64,55,1018,1,0.11239083111286163,0.002250728663057089,3
bc-capacity,hidden-64,55,1019,0,0.2828426957130432,0.0005256671623404449,40
data-quality,clean,11,1000,1,0.10520527511835098,0.014035421796143055,6
data-quality,clean,11,1001,0,0.2828426957130432,0.013845075979562742,36
data-quality,clean,11,1002,0,0.2828426957130432,0.013567972316273621,36
data-quality,clean,11,1003,0,0.2828426957130432,0.012874555152042636,36
data-quality,clean,11,1004,0,0.2828426957130432,0.012580412428360433,36
data-quality,clean,11,1005,1,0.0799899697303772,0.02449662145227194,11
data-quality,clean,11,1006,1,0.06542573869228363,0.01649074675515294,7
data-quality,clean,11,1007,1,0.11496824771165848,0.023443983246882755,10
data-quality,clean,11,1008,1,0.051803238689899445,0.021393226511362527,10
data-quality,clean,11,1009,0,0.2828426957130432,0.013102609893706228,36
data-quality,clean,11,1010,0,0.2828426957130432,0.01423218470465924,36
data-quality,clean,11,1011,1,0.10910508036613464,0.016488627763465047,7
data-quality,clean,11,1012,1,0.09059564769268036,0.020099060027860105,9
data-quality,clean,11,1013,1,0.1125432625412941,0.0,1
data-quality,clean,11,1014,1,0.07144687324762344,0.015419233404099942,6
data-quality,clean,11,1015,1,0.11690396070480347,0.017626431956887244,6
data-quality,clean,11,1016,0,0.2828426957130432,0.013752748531156352,36
data-quality,clean,11,1017,0,0.2828426957130432,0.014642285236290523,36
data-quality,clean,11,1018,1,0.11208769679069519,0.010449077934026718,3
data-quality,clean,11,1019,0,0.2828426957130432,0.013515774233798896,36
data-quality,clean,22,1000,1,0.10202088207006454,0.012912060134112835,6
data-quality,clean,22,1001,0,0.2828426957130432,0.02321660362982324,36
data-quality,clean,22,1002,0,0.2828426957130432,0.02194008357556803,36
data-quality,clean,22,1003,0,0.2828426957130432,0.022241356263735464,36
data-quality,clean,22,1004,0,0.2828426957130432,0.022966642584651708,36
data-quality,clean,22,1005,1,0.1161714568734169,0.017984261107631027,11
data-quality,clean,22,1006,1,0.06255001574754715,0.013952426224326095,7
data-quality,clean,22,1007,1,0.11257956176996231,0.019308574808140595,10
data-quality,clean,22,1008,1,0.07525172829627991,0.017416981669763725,10
data-quality,clean,22,1009,0,0.2828426957130432,0.022366611074124063,36
data-quality,clean,22,1010,0,0.2828426957130432,0.021765120939484666,36
data-quality,clean,22,1011,1,0.09843644499778748,0.015097605995833874,7
data-quality,clean,22,1012,1,0.11004650592803955,0.01637325988849625,9
data-quality,clean,22,1013,0,0.2828426957130432,0.023496573604643346,36
data-quality,clean,22,1014,1,0.07612337917089462,0.013884169701486825,6
data-quality,clean,22,1015,1,0.0521584190428257,0.013487631144622961,7
data-quality,clean,22,1016,0,0.2828426957130432,0.02172891777008772,36
data-quality,clean,22,1017,0,0.2828426957130432,0.022483778904591287,36
data-quality,clean,22,1018,1,0.11018765717744827,0.007548920111730695,3
data-quality,clean,22,1019,0,0.2828426957130432,0.02184603102505207,36
data-quality,clean,33,1000,1,0.10316507518291473,0.015787746477872133,6
data-quality,clean,33,1001,0,0.2828426957130432,0.02347765615476029,36
data-quality,clean,33,1002,0,0.2828426957130432,0.021422453011785234,36
data-quality,clean,33,1003,0,0.2828426957130432,0.020213611337489317,36
data-quality,clean,33,1004,0,0.2828426957130432,0.019078097519065654,36
data-quality,clean,33,1005,1,0.07734211534261703,0.023781494237482548,11
data-quality,clean,33,1006,1,0.06392308324575424,0.015485339138346413,7
data-quality,clean,33,1007,1,0.09703176468610764,0.02093419605969555,10
data-quality,clean,33,1008,1,0.11171172559261322,0.022196113015525043,9
data-quality,clean,33,1009,0,0.2828426957130432,0.019613376366240637,36
data-quality,clean,33,1010,0,0.2828426957130432,0.02049676710739732,36
data-quality,clean,33,1011,1,0.10162009298801422,0.014426483772695065,7
data-quality,clean,33,1012,1,0.08612947165966034,0.020599940442480147,9
data-quality,clean,33,1013,0,0.2828426957130432,0.024176846524434432,36
data-quality,clean,33,1014,1,0.06884109973907471,0.01506303334608674,6
data-quality,clean,33,1015,1,0.11273982375860214,0.015735405776649714,6
data-quality,clean,33,1016,0,0.2828426957130432,0.020699315634556115,36
data-quality,clean,33,1017,0,0.2828426957130432,0.02313784190586635,36
data-quality,clean,33,1018,1,0.11514321714639664,0.011515478137880564,3
data-quality,clean,33,1019,0,0.2828426957130432,0.02052080551428454,36
data-quality,clean,44,1000,1,0.1086273044347763,0.015266712754964828,6
data-quality,clean,44,1001,0,0.2828426957130432,0.022641944752207824,36
data-quality,clean,44,1002,0,0.2828426957130432,0.021104492978858098,36
data-quality,clean,44,1003,0,0.2828426957130432,0.02027692895914827,36
data-quality,clean,44,1004,0,0.2828426957130432,0.019394123374617527,36
data-quality,clean,44,1005,1,0.09610738605260849,0.01900829803198576,11
data-quality,clean,44,1006,1,0.06419331580400467,0.013474481413140893,7
data-quality,clean,44,1007,1,0.06112391874194145,0.016833412926644087,11
data-quality,clean,44,1008,1,0.06160431727766991,0.01778900230096446,10
data-quality,clean,44,1009,0,0.2828426957130432,0.019642854308975593,36
data-quality,clean,44,1010,0,0.2828426957130432,0.02008148861516799,36
data-quality,clean,44,1011,1,0.10300940275192261,0.012885237500692407,7
data-quality,clean,44,1012,1,0.09040198475122452,0.017877357779070735,9
data-quality,clean,44,1013,0,0.2828426957130432,0.02310480001781668,36
data-quality,clean,44,1014,1,0.07519326359033585,0.01481720358133316,6
data-quality,clean,44,1015,1,0.05298445746302605,0.013557058138151964,7
data-quality,clean,44,1016,0,0.2828426957130432,0.02043643321708909,36
data-quality,clean,44,1017,0,0.2828426957130432,0.0214914144316156,36
data-quality,clean,44,1018,1,0.11426545679569244,0.0091089834459126,3
data-quality,clean,44,1019,0,0.2828426957130432,0.020391195227525066,36
data-quality,clean,55,1000,1,0.11402051895856857,0.013669384084641934,6
data-quality,clean,55,1001,0,0.2828426957130432,0.020852790107684475,36
data-quality,clean,55,1002,0,0.2828426957130432,0.020081958613757576,36
data-quality,clean,55,1003,0,0.2828426957130432,0.02082862921857408,36
data-quality,clean,55,1004,0,0.2828426957130432,0.02228966258865382,36
data-quality,clean,55,1005,1,0.11570930480957031,0.01805475333028219,12
data-quality,clean,55,1006,1,0.07689883559942245,0.014690325207387408,7
data-quality,clean,55,1007,1,0.07553119212388992,0.019329258147627114,11
data-quality,clean,55,1008,1,0.09913988411426544,0.018249645104838744,10
data-quality,clean,55,1009,0,0.2828426957130432,0.021282491121175032,36
data-quality,clean,55,1010,0,0.2828426957130432,0.020520357375166245,36
data-quality,clean,55,1011,1,0.10099322348833084,0.015578368678689003,7
data-quality,clean,55,1012,1,0.11750064045190811,0.015701574739068747,9
data-quality,clean,55,1013,0,0.2828426957130432,0.02122336542233825,36
data-quality,clean,55,1014,1,0.08711913973093033,0.014280754327774047,6
data-quality,clean,55,1015,1,0.06991223245859146,0.014370319433510303,7
data-quality,clean,55,1016,0,0.2828426957130432,0.02015529401334269,36
data-quality,clean,55,1017,0,0.2828426957130432,0.020854755331362995,36
data-quality,clean,55,1018,1,0.07269950956106186,0.008557125770797333,4
data-quality,clean,55,1019,0,0.2828426957130432,0.02032987004412072,36
data-quality,noisy,11,1000,0,0.2828426957130432,0.014901896004032876,36
data-quality,noisy,11,1001,0,0.2828426957130432,0.014557317364960909,36
data-quality,noisy,11,1002,1,0.07751297950744629,0.013765865936875343,6
data-quality,noisy,11,1003,0,0.2828426957130432,0.014450893910335643,36
data-quality,noisy,11,1004,0,0.2828426957130432,0.014332628905374024,36
data-quality,noisy,11,1005,0,0.2828426957130432,0.017866660188883544,36
data-quality,noisy,11,1006,1,0.09146305173635483,0.017218219715037515,8
data-quality,noisy,11,1007,1,0.10519777983427048,0.022585719696838747,12
data-quality,noisy,11,1008,0,0.2828426957130432,0.016673379088751973,36
data-quality,noisy,11,1009,0,0.2828426957130432,0.014805244614503213,36
data-quality,noisy,11,1010,1,0.09342464804649353,0.01870327577408817,10
data-quality,noisy,11,1011,1,0.081935815513134,0.01718110790742295,8
data-quality,noisy,11,1012,0,0.2828426957130432,0.016143157452877078,36
data-quality,noisy,11,1013,1,0.10135173797607422,0.0,1
data-quality,noisy,11,1014,1,0.11174250394105911,0.01581504422938451,7
data-quality,noisy,11,1015,1,0.09758780896663666,0.01704197676320161,8
data-quality,noisy,11,1016,1,0.1098671406507492,0.015821691868560656,8
data-quality,noisy,11,1017,0,0.2828426957130432,0.015781091366495404,36
data-quality,noisy,11,1018,1,0.114384725689888,0.011840725938479105,4
data-quality,noisy,11,1019,1,0.09654881060123444,0.015838711929973215,9
data-quality,noisy,22,1000,0,0.2828426957130432,0.01778628258367202,36
data-quality,noisy,22,1001,0,0.2828426957130432,0.020380847215918558,36
data-quality,noisy,22,1002,1,0.0725182294845581,0.013737554475665093,6
data-quality,noisy,22,1003,0,0.2828426957130432,0.0198664123924183,36
data-quality,noisy,22,1004,0,0.2828426957130432,0.0213653139836554,36
data-quality,noisy,22,1005,0,0.2828426957130432,0.017396888163472925,36
data-quality,noisy,22,1006,1,0.1087045669555664,0.013404323282884434,9
data-quality,noisy,22,1007,0,0.2828426957130432,0.017390205761018608,36
data-quality,noisy,22,1008,0,0.2828426957130432,0.01727744096757046,36
data-quality,noisy,22,1009,0,0.2828426957130432,0.019905521694038596,36
data-quality,noisy,22,1010,1,0.07943601161241531,0.01617518926246299,10
data-quality,noisy,22,1011,1,0.10948062688112259,0.013181526746068681,8
data-quality,noisy,22,1012,0,0.2828426957130432,0.017365927674940655,36
data-quality,noisy,22,1013,1,0.11036604642868042,0.0,1
data-quality,noisy,22,1014,0,0.2828426957130432,0.01768781973847321,36
data-quality,noisy,22,1015,0,0.2828426957130432,0.017591148473521962,36
data-quality,noisy,22,1016,1,0.10095937550067902,0.014759674934404237,8
data-quality,noisy,22,1017,0,0.2828426957130432,0.019134281662159733,36
data-quality,noisy,22,1018,1,0.10339363664388657,0.012192910769954324,5
data-quality,noisy,22,1019,1,0.1167081817984581,0.015371857876224177,8
data-quality,noisy,33,1000,0,0.2828426957130432,0.020530049037188292,36
data-quality,noisy,33,1001,0,0.2828426957130432,0.02181267561390996,36
data-quality,noisy,33,1002,1,0.07357212156057358,0.011896717571653425,6
data-quality,noisy,33,1003,0,0.2828426957130432,0.019541924776110265,36
data-quality,noisy,33,1004,0,0.2828426957130432,0.01895812761836818,36
data-quality,noisy,33,1005,0,0.2828426957130432,0.022525558487645217,36
data-quality,noisy,33,1006,1,0.10164295136928558,0.01776156820622938,8
data-quality,noisy,33,1007,1,0.11631368845701218,0.023771894587711853,12
data-quality,noisy,33,1008,0,0.2828426957130432,0.021502363216131925,36
data-quality,noisy,33,1009,0,0.2828426957130432,0.019361775634544238,36
data-quality,noisy,33,1010,1,0.0809524729847908,0.017311203927319083,10
data-quality,noisy,33,1011,1,0.09062137454748154,0.017234783420073136,8
data-quality,noisy,33,1012,0,0.2828426957130432,0.02120030133851937,36
data-quality,noisy,33,1013,1,0.11297985911369324,0.0,1
data-quality,noisy,33,1014,1,0.11806793510913849,0.017112738957318168,7
data-quality,noisy,33,1015,1,0.10666097700595856,0.01773649673642857,8
data-quality,noisy,33,1016,1,0.10467290133237839,0.014700354875198432,8
data-quality,noisy,33,1017,0,0.2828426957130432,0.021239816274360886,36
data-quality,noisy,33,1018,1,0.09844420850276947,0.016730413306504488,5
data-quality,noisy,33,1019,1,0.09318652004003525,0.014710817689774558,9
data-quality,noisy,44,1000,0,0.2828426957130432,0.018349157476664654,36
data-quality,noisy,44,1001,0,0.2828426957130432,0.019452967451486204,36
data-quality,noisy,44,1002,1,0.07840283215045929,0.012624186789616942,6
data-quality,noisy,44,1003,0,0.2828426957130432,0.01807304483372718,36
data-quality,noisy,44,1004,0,0.2828426957130432,0.01768550846193518,36
data-quality,noisy,44,1005,0,0.2828426957130432,0.019066962953989526,36
data-quality,noisy,44,1006,1,0.10276108980178833,0.014657259153734361,8
data-quality,noisy,44,1007,1,0.09942620247602463,0.019344257171421003,13
data-quality,noisy,44,1008,0,0.2828426957130432,0.018590044496314868,36
data-quality,noisy,44,1009,0,0.2828426957130432,0.0178959585460169,36
data-quality,noisy,44,1010,1,0.09953434765338898,0.015514339740750276,10
data-quality,noisy,44,1011,1,0.09533485025167465,0.014485079063368695,8
data-quality,noisy,44,1012,0,0.2828426957130432,0.018433363659174314,36
data-quality,noisy,44,1013,1,0.11106900125741959,0.0,1
data-quality,noisy,44,1014,1,0.11172276735305786,0.014125712914392352,8
data-quality,noisy,44,1015,1,0.10634323209524155,0.014623849619446056,8
data-quality,noisy,44,1016,1,0.11357982456684113,0.01354430990094053,8
data-quality,noisy,44,1017,0,0.2828426957130432,0.018339616585788983,36
data-quality,noisy,44,1018,1,0.11965366452932358,0.01078390011874338,4
data-quality,noisy,44,1019,1,0.10231220722198486,0.014838242466794327,9
data-quality,noisy,55,1000,0,0.2828426957130432,0.019351392392335194,36
data-quality,noisy,55,1001,0,0.2828426957130432,0.02114187834252204,36
data-quality,noisy,55,1002,1,0.0775613784790039,0.015225715097039938,6
data-quality,noisy,55,1003,0,0.2828426957130432,0.020905908423342875,36
data-quality,noisy,55,1004,0,0.2828426957130432,0.022234022258115667,36
data-quality,noisy,55,1005,0,0.2828426957130432,0.019574969501367636,36
data-quality,noisy,55,1006,1,0.10044252127408981,0.01513722084928304,9
data-quality,noisy,55,1007,0,0.2828426957130432,0.019842216425708364,36
data-quality,noisy,55,1008,0,0.2828426957130432,0.019344631396234036,36
data-quality,noisy,55,1009,0,0.2828426957130432,0.021223240665027072,36
data-quality,noisy,55,1010,1,0.09786538779735565,0.020348968553460307,10
data-quality,noisy,55,1011,1,0.06647158414125443,0.016572227934375405,9
data-quality,noisy,55,1012,0,0.2828426957130432,0.01904641529545188,36
data-quality,noisy,55,1013,0,0.2828426957130432,0.02154805472652827,36
data-quality,noisy,55,1014,0,0.2828426957130432,0.01936533906097923,36
data-quality,noisy,55,1015,1,0.11161105334758759,0.014623880095314234,9
data-quality,noisy,55,1016,1,0.10926826298236847,0.017378368880599737,8
data-quality,noisy,55,1017,0,0.2828426957130432,0.0200685657028641,36
data-quality,noisy,55,1018,1,0.09724979102611542,0.01183427928481251,5
data-quality,noisy,55,1019,1,0.08465851843357086,0.019215466338209808,9
