pair_id,cell_id,run_id,train_seed,eval_seed,arm_id,arm_mode,family,success,final_distance,first_action_mse,total_reward,steps
11:1000,11:1000:control,visual-beta1-image-seed-11,11,1000,control,none,direct_reach,0,0.6169668436050415,0.00011457799701020122,-11.0374114215374,24
11:1001,11:1001:control,visual-beta1-image-seed-11,11,1001,control,none,waypoint_reach,0,0.23972353339195251,0.0008783265948295593,-6.727684006094933,24
11:1002,11:1002:control,visual-beta1-image-seed-11,11,1002,control,none,direct_reach,0,0.6970179677009583,0.0007667207391932607,-13.615665704011917,24
11:1003,11:1003:control,visual-beta1-image-seed-11,11,1003,control,none,waypoint_reach,0,0.40334099531173706,0.0003468137001618743,-6.940828187391162,24
11:1004,11:1004:control,visual-beta1-image-seed-11,11,1004,control,none,direct_reach,0,0.3666859269142151,0.0036038304679095745,-7.369611755013466,24
11:1005,11:1005:control,visual-beta1-image-seed-11,11,1005,control,none,waypoint_reach,0,0.414699524641037,0.0005478147068060935,-6.713791988790035,24
11:1006,11:1006:control,visual-beta1-image-seed-11,11,1006,control,none,direct_reach,0,0.6205583810806274,0.0012929742224514484,-10.936944052577019,24
11:1007,11:1007:control,visual-beta1-image-seed-11,11,1007,control,none,waypoint_reach,0,0.37077057361602783,0.0009570511756464839,-7.395627588033676,24
11:1008,11:1008:control,visual-beta1-image-seed-11,11,1008,control,none,direct_reach,0,0.2844659984111786,0.0009624353842809796,-6.330400615930557,24
11:1009,11:1009:control,visual-beta1-image-seed-11,11,1009,control,none,waypoint_reach,0,0.27884337306022644,0.0006106392247602344,-7.164023816585541,24
11:1010,11:1010:control,visual-beta1-image-seed-11,11,1010,control,none,direct_reach,0,0.6192329525947571,0.00022302658180706203,-11.646178394556046,24
11:1011,11:1011:control,visual-beta1-image-seed-11,11,1011,control,none,waypoint_reach,0,0.419254332780838,0.00021353451302275062,-7.094747269526124,24
11:1012,11:1012:control,visual-beta1-image-seed-11,11,1012,control,none,direct_reach,0,0.5193641781806946,0.0009511609096080065,-9.07668973505497,24
11:1013,11:1013:control,visual-beta1-image-seed-11,11,1013,control,none,waypoint_reach,0,0.47469571232795715,0.0008045411668717861,-9.198523968458176,24
11:1014,11:1014:control,visual-beta1-image-seed-11,11,1014,control,none,direct_reach,0,0.6107478737831116,0.0006533300038427114,-10.854632258415222,24
11:1015,11:1015:control,visual-beta1-image-seed-11,11,1015,control,none,waypoint_reach,0,0.4192734658718109,0.0007390574901364744,-6.788483738899231,24
11:1016,11:1016:control,visual-beta1-image-seed-11,11,1016,control,none,direct_reach,0,0.652865469455719,0.00018186558736488223,-11.341730892658234,24
11:1017,11:1017:control,visual-beta1-image-seed-11,11,1017,control,none,waypoint_reach,0,0.20427799224853516,0.001070269849151373,-6.476062521338463,24
11:1018,11:1018:control,visual-beta1-image-seed-11,11,1018,control,none,direct_reach,0,0.2222949117422104,0.0007584432023577392,-5.109834998846054,24
11:1019,11:1019:control,visual-beta1-image-seed-11,11,1019,control,none,waypoint_reach,0,0.324484258890152,0.00029886432457715273,-6.948104456067085,24
11:1020,11:1020:control,visual-beta1-image-seed-11,11,1020,control,none,direct_reach,0,0.4411410987377167,0.0034638107754290104,-8.672892525792122,24
11:1021,11:1021:control,visual-beta1-image-seed-11,11,1021,control,none,waypoint_reach,0,0.30134087800979614,0.0011745116207748652,-6.7027875781059265,24
11:1022,11:1022:control,visual-beta1-image-seed-11,11,1022,control,none,direct_reach,0,0.7298188805580139,0.0006846333853900433,-13.946708649396896,24
11:1023,11:1023:control,visual-beta1-image-seed-11,11,1023,control,none,waypoint_reach,0,0.6158021092414856,0.0007387474179267883,-12.395260632038116,24
11:1000,11:1000:occlusion,visual-beta1-image-seed-11,11,1000,occlusion,occlusion,direct_reach,0,0.179269939661026,0.006654529366642237,-6.872595563530922,24
11:1001,11:1001:occlusion,visual-beta1-image-seed-11,11,1001,occlusion,occlusion,waypoint_reach,0,0.7633732557296753,0.010220976546406746,-17.735087156295776,24
11:1002,11:1002:occlusion,visual-beta1-image-seed-11,11,1002,occlusion,occlusion,direct_reach,0,0.3474164307117462,0.005214938428252935,-7.218443959951401,24
11:1003,11:1003:occlusion,visual-beta1-image-seed-11,11,1003,occlusion,occlusion,waypoint_reach,0,0.3434993624687195,0.011385961435735226,-11.112379640340805,24
11:1004,11:1004:occlusion,visual-beta1-image-seed-11,11,1004,occlusion,occlusion,direct_reach,0,0.6886184215545654,0.026917390525341034,-16.697737216949463,24
11:1005,11:1005:occlusion,visual-beta1-image-seed-11,11,1005,occlusion,occlusion,waypoint_reach,0,0.5104191899299622,0.009098070673644543,-12.677036374807358,24
11:1006,11:1006:occlusion,visual-beta1-image-seed-11,11,1006,occlusion,occlusion,direct_reach,0,0.5100833773612976,0.005491809919476509,-10.680719807744026,24
11:1007,11:1007:occlusion,visual-beta1-image-seed-11,11,1007,occlusion,occlusion,waypoint_reach,0,0.7228556871414185,0.010969243943691254,-17.002389043569565,24
11:1008,11:1008:occlusion,visual-beta1-image-seed-11,11,1008,occlusion,occlusion,direct_reach,0,0.7857170104980469,0.01888403482735157,-18.142468690872192,24
11:1009,11:1009:occlusion,visual-beta1-image-seed-11,11,1009,occlusion,occlusion,waypoint_reach,0,0.6151527166366577,0.011288129724562168,-15.299079477787018,24
11:1010,11:1010:occlusion,visual-beta1-image-seed-11,11,1010,occlusion,occlusion,direct_reach,0,0.19413885474205017,0.006307603791356087,-7.14153391122818,24
11:1011,11:1011:occlusion,visual-beta1-image-seed-11,11,1011,occlusion,occlusion,waypoint_reach,0,0.3991541266441345,0.011259165592491627,-12.133130192756653,24
11:1012,11:1012:occlusion,visual-beta1-image-seed-11,11,1012,occlusion,occlusion,direct_reach,0,0.3730662763118744,0.005477470345795155,-9.840124070644379,24
11:1013,11:1013:occlusion,visual-beta1-image-seed-11,11,1013,occlusion,occlusion,waypoint_reach,0,0.47045889496803284,0.010855657979846,-13.203429907560349,24
11:1014,11:1014:occlusion,visual-beta1-image-seed-11,11,1014,occlusion,occlusion,direct_reach,0,0.3809066712856293,0.005887592677026987,-8.896787464618683,24
11:1015,11:1015:occlusion,visual-beta1-image-seed-11,11,1015,occlusion,occlusion,waypoint_reach,0,0.47494277358055115,0.011120287701487541,-12.389420330524445,24
11:1016,11:1016:occlusion,visual-beta1-image-seed-11,11,1016,occlusion,occlusion,direct_reach,0,0.3055404722690582,0.006654529366642237,-7.246793955564499,24
11:1017,11:1017:occlusion,visual-beta1-image-seed-11,11,1017,occlusion,occlusion,waypoint_reach,0,0.8275355696678162,0.010220976546406746,-19.28769278526306,24
11:1018,11:1018:occlusion,visual-beta1-image-seed-11,11,1018,occlusion,occlusion,direct_reach,0,0.7821782231330872,0.018519200384616852,-18.386737883090973,24
11:1019,11:1019:occlusion,visual-beta1-image-seed-11,11,1019,occlusion,occlusion,waypoint_reach,0,0.5976771712303162,0.011385961435735226,-15.173239827156067,24
11:1020,11:1020:occlusion,visual-beta1-image-seed-11,11,1020,occlusion,occlusion,direct_reach,0,0.7288488149642944,0.026542047038674355,-16.56036537885666,24
11:1021,11:1021:occlusion,visual-beta1-image-seed-11,11,1021,occlusion,occlusion,waypoint_reach,0,0.7722504138946533,0.01085713692009449,-18.253380447626114,24
11:1022,11:1022:occlusion,visual-beta1-image-seed-11,11,1022,occlusion,occlusion,direct_reach,0,0.36228513717651367,0.005491809919476509,-7.231241822242737,24
11:1023,11:1023:occlusion,visual-beta1-image-seed-11,11,1023,occlusion,occlusion,waypoint_reach,0,0.3323517441749573,0.010969243943691254,-11.64200896024704,24
11:1000,11:1000:shuffle,visual-beta1-image-seed-11,11,1000,shuffle,shuffle,direct_reach,0,0.8128681778907776,0.0006679982179775834,-14.392380207777023,24
11:1001,11:1001:shuffle,visual-beta1-image-seed-11,11,1001,shuffle,shuffle,waypoint_reach,0,0.2973814010620117,0.000640497135464102,-9.070247024297714,24
11:1002,11:1002:shuffle,visual-beta1-image-seed-11,11,1002,shuffle,shuffle,direct_reach,0,0.6440684199333191,0.0005315396119840443,-12.66437742114067,24
11:1003,11:1003:shuffle,visual-beta1-image-seed-11,11,1003,shuffle,shuffle,waypoint_reach,0,0.5956887006759644,0.00039255182491615415,-9.463672325015068,24
11:1004,11:1004:shuffle,visual-beta1-image-seed-11,11,1004,shuffle,shuffle,direct_reach,0,0.2570553123950958,0.0053660087287425995,-7.086579650640488,24
11:1005,11:1005:shuffle,visual-beta1-image-seed-11,11,1005,shuffle,shuffle,waypoint_reach,0,0.3974168598651886,0.000493502477183938,-6.556428201496601,24
11:1006,11:1006:shuffle,visual-beta1-image-seed-11,11,1006,shuffle,shuffle,direct_reach,0,0.46331480145454407,0.0004186410515103489,-8.481289371848106,24
11:1007,11:1007:shuffle,visual-beta1-image-seed-11,11,1007,shuffle,shuffle,waypoint_reach,0,0.330731064081192,0.0007008422398939729,-7.2592048943042755,24
11:1008,11:1008:shuffle,visual-beta1-image-seed-11,11,1008,shuffle,shuffle,direct_reach,0,0.21993331611156464,0.0020708334632217884,-6.824041560292244,24
11:1009,11:1009:shuffle,visual-beta1-image-seed-11,11,1009,shuffle,shuffle,waypoint_reach,0,0.29410889744758606,0.0006049885996617377,-7.030855149030685,24
11:1010,11:1010:shuffle,visual-beta1-image-seed-11,11,1010,shuffle,shuffle,direct_reach,0,0.85309237241745,0.00114536308683455,-16.12557789683342,24
11:1011,11:1011:shuffle,visual-beta1-image-seed-11,11,1011,shuffle,shuffle,waypoint_reach,0,0.5728642344474792,0.00023559009423479438,-10.60361497104168,24
11:1012,11:1012:shuffle,visual-beta1-image-seed-11,11,1012,shuffle,shuffle,direct_reach,0,0.622658371925354,0.0018332238541916013,-11.462309405207634,24
11:1013,11:1013:shuffle,visual-beta1-image-seed-11,11,1013,shuffle,shuffle,waypoint_reach,0,0.539129912853241,0.0010693809017539024,-10.396739318966866,24
11:1014,11:1014:shuffle,visual-beta1-image-seed-11,11,1014,shuffle,shuffle,direct_reach,0,0.5421919822692871,0.00038871943252161145,-9.700398400425911,24
11:1015,11:1015:shuffle,visual-beta1-image-seed-11,11,1015,shuffle,shuffle,waypoint_reach,0,0.483163058757782,0.0008935131481848657,-7.290986500680447,24
11:1016,11:1016:shuffle,visual-beta1-image-seed-11,11,1016,shuffle,shuffle,direct_reach,0,0.7345635890960693,0.0003995821170974523,-12.79304102063179,24
11:1017,11:1017:shuffle,visual-beta1-image-seed-11,11,1017,shuffle,shuffle,waypoint_reach,0,0.20104293525218964,0.0009138761088252068,-6.804473340511322,24
11:1018,11:1018:shuffle,visual-beta1-image-seed-11,11,1018,shuffle,shuffle,direct_reach,0,0.2222949117422104,0.0008223220356740057,-5.129916578531265,24
11:1019,11:1019:shuffle,visual-beta1-image-seed-11,11,1019,shuffle,shuffle,waypoint_reach,0,0.2859126925468445,0.00029479051590897143,-7.247725158929825,24
11:1020,11:1020:shuffle,visual-beta1-image-seed-11,11,1020,shuffle,shuffle,direct_reach,0,0.4411410987377167,0.003350243205204606,-8.690612599253654,24
11:1021,11:1021:shuffle,visual-beta1-image-seed-11,11,1021,shuffle,shuffle,waypoint_reach,0,0.2848498821258545,0.0008227950893342495,-9.040965527296066,24
11:1022,11:1022:shuffle,visual-beta1-image-seed-11,11,1022,shuffle,shuffle,direct_reach,0,0.766072690486908,0.0008564903400838375,-14.59610167145729,24
11:1023,11:1023:shuffle,visual-beta1-image-seed-11,11,1023,shuffle,shuffle,waypoint_reach,0,0.6270828247070312,0.0008042064728215337,-11.311261862516403,24
11:1000,11:1000:state_only,visual-beta1-state-only-seed-11,11,1000,state_only,state_only,direct_reach,0,0.7950760722160339,0.0009871645597741008,-14.318659543991089,24
11:1001,11:1001:state_only,visual-beta1-state-only-seed-11,11,1001,state_only,state_only,waypoint_reach,0,0.2577798366546631,0.0005598460556939244,-6.181160524487495,24
11:1002,11:1002:state_only,visual-beta1-state-only-seed-11,11,1002,state_only,state_only,direct_reach,0,0.8123297095298767,0.0009357381495647132,-15.745570361614227,24
11:1003,11:1003:state_only,visual-beta1-state-only-seed-11,11,1003,state_only,state_only,waypoint_reach,0,0.5860652923583984,0.00017011389718391,-9.730214059352875,24
11:1004,11:1004:state_only,visual-beta1-state-only-seed-11,11,1004,state_only,state_only,direct_reach,0,0.3229353725910187,0.004165872000157833,-6.957164168357849,24
11:1005,11:1005:state_only,visual-beta1-state-only-seed-11,11,1005,state_only,state_only,waypoint_reach,0,0.4482487142086029,0.0005069577018730342,-7.215622205287218,24
11:1006,11:1006:state_only,visual-beta1-state-only-seed-11,11,1006,state_only,state_only,direct_reach,0,0.6066163778305054,0.0009369144681841135,-10.831463530659676,24
11:1007,11:1007:state_only,visual-beta1-state-only-seed-11,11,1007,state_only,state_only,waypoint_reach,0,0.4177072048187256,0.0005863379337824881,-7.923097729682922,24
11:1008,11:1008:state_only,visual-beta1-state-only-seed-11,11,1008,state_only,state_only,direct_reach,0,0.256176620721817,0.0019701961427927017,-6.234817877411842,24
11:1009,11:1009:state_only,visual-beta1-state-only-seed-11,11,1009,state_only,state_only,waypoint_reach,0,0.35746946930885315,0.0004928213311359286,-6.803421974182129,24
11:1010,11:1010:state_only,visual-beta1-state-only-seed-11,11,1010,state_only,state_only,direct_reach,0,0.799206018447876,0.0008055185899138451,-15.046059101819992,24
11:1011,11:1011:state_only,visual-beta1-state-only-seed-11,11,1011,state_only,state_only,waypoint_reach,0,0.6859869360923767,0.00011420842201914638,-12.358678758144379,24
11:1012,11:1012:state_only,visual-beta1-state-only-seed-11,11,1012,state_only,state_only,direct_reach,0,0.5781296491622925,0.001032808213494718,-10.173363164067268,24
11:1013,11:1013:state_only,visual-beta1-state-only-seed-11,11,1013,state_only,state_only,waypoint_reach,0,0.6240027546882629,0.0006763997953385115,-11.764220401644707,24
11:1014,11:1014:state_only,visual-beta1-state-only-seed-11,11,1014,state_only,state_only,direct_reach,0,0.6755102872848511,0.0008504843572154641,-12.144040331244469,24
11:1015,11:1015:state_only,visual-beta1-state-only-seed-11,11,1015,state_only,state_only,waypoint_reach,0,0.4704664647579193,0.0005601496668532491,-7.44381152652204,24
11:1016,11:1016:state_only,visual-beta1-state-only-seed-11,11,1016,state_only,state_only,direct_reach,0,0.7882716059684753,0.0009871645597741008,-13.88179925084114,24
11:1017,11:1017:state_only,visual-beta1-state-only-seed-11,11,1017,state_only,state_only,waypoint_reach,0,0.20522764325141907,0.0005598460556939244,-6.219777017831802,24
11:1018,11:1018:state_only,visual-beta1-state-only-seed-11,11,1018,state_only,state_only,direct_reach,0,0.19191832840442657,0.0018391540506854653,-4.980966657400131,24
11:1019,11:1019:state_only,visual-beta1-state-only-seed-11,11,1019,state_only,state_only,waypoint_reach,0,0.36970892548561096,0.00017011389718391,-6.915046513080597,24
11:1020,11:1020:state_only,visual-beta1-state-only-seed-11,11,1020,state_only,state_only,direct_reach,0,0.4052642285823822,0.0040216692723333836,-8.369497999548912,24
11:1021,11:1021:state_only,visual-beta1-state-only-seed-11,11,1021,state_only,state_only,waypoint_reach,0,0.3492143750190735,0.000746427453123033,-7.286263599991798,24
11:1022,11:1022:state_only,visual-beta1-state-only-seed-11,11,1022,state_only,state_only,direct_reach,0,0.8312874436378479,0.0009369144681841135,-15.890103697776794,24
11:1023,11:1023:state_only,visual-beta1-state-only-seed-11,11,1023,state_only,state_only,waypoint_reach,0,0.697506844997406,0.0005863379337824881,-12.8088458776474,24
22:1000,22:1000:control,visual-beta1-image-seed-22,22,1000,control,none,direct_reach,0,0.4269549548625946,0.0002700723416637629,-8.16865897923708,24
22:1001,22:1001:control,visual-beta1-image-seed-22,22,1001,control,none,waypoint_reach,0,0.35167866945266724,0.00035141227999702096,-9.961522072553635,24
22:1002,22:1002:control,visual-beta1-image-seed-22,22,1002,control,none,direct_reach,0,0.47964149713516235,0.00010672357893781736,-10.04429543018341,24
22:1003,22:1003:control,visual-beta1-image-seed-22,22,1003,control,none,waypoint_reach,0,0.30490368604660034,0.00034312193747609854,-6.064632683992386,24
22:1004,22:1004:control,visual-beta1-image-seed-22,22,1004,control,none,direct_reach,0,0.26992514729499817,0.008480892516672611,-8.84044298529625,24
22:1005,22:1005:control,visual-beta1-image-seed-22,22,1005,control,none,waypoint_reach,0,0.2877199947834015,5.021959441364743e-05,-6.8611485958099365,24
22:1006,22:1006:control,visual-beta1-image-seed-22,22,1006,control,none,direct_reach,1,0.05587923899292946,0.0001365922362310812,-0.73043417558074,4
22:1007,22:1007:control,visual-beta1-image-seed-22,22,1007,control,none,waypoint_reach,0,0.30717527866363525,0.00029152067145332694,-7.357804775238037,24
22:1008,22:1008:control,visual-beta1-image-seed-22,22,1008,control,none,direct_reach,0,0.3306291401386261,0.004799551330506802,-9.51635953783989,24
22:1009,22:1009:control,visual-beta1-image-seed-22,22,1009,control,none,waypoint_reach,0,0.29293960332870483,0.00030628370586782694,-8.609364241361618,24
22:1010,22:1010:control,visual-beta1-image-seed-22,22,1010,control,none,direct_reach,0,0.4314635694026947,0.0003690950688906014,-8.844574987888336,24
22:1011,22:1011:control,visual-beta1-image-seed-22,22,1011,control,none,waypoint_reach,0,0.27033713459968567,0.0003420987050049007,-6.062499105930328,24
22:1012,22:1012:control,visual-beta1-image-seed-22,22,1012,control,none,direct_reach,1,0.013629709370434284,0.00010330521035939455,-1.1785372095182538,5
22:1013,22:1013:control,visual-beta1-image-seed-22,22,1013,control,none,waypoint_reach,0,0.17025452852249146,0.000338228972395882,-4.784009292721748,24
22:1014,22:1014:control,visual-beta1-image-seed-22,22,1014,control,none,direct_reach,0,0.3599628806114197,0.0002323620137758553,-7.177386101335287,24
22:1015,22:1015:control,visual-beta1-image-seed-22,22,1015,control,none,waypoint_reach,0,0.2785198986530304,0.0003038987924810499,-6.632052317261696,24
22:1016,22:1016:control,visual-beta1-image-seed-22,22,1016,control,none,direct_reach,0,0.4509579837322235,0.0002691387489903718,-8.412497572600842,24
22:1017,22:1017:control,visual-beta1-image-seed-22,22,1017,control,none,waypoint_reach,0,0.37195539474487305,0.0003367747995071113,-10.904576659202576,24
22:1018,22:1018:control,visual-beta1-image-seed-22,22,1018,control,none,direct_reach,0,0.3013061583042145,0.004649621434509754,-8.863169699907303,24
22:1019,22:1019:control,visual-beta1-image-seed-22,22,1019,control,none,waypoint_reach,0,0.2887846529483795,0.00031488429522141814,-8.430795162916183,24
22:1020,22:1020:control,visual-beta1-image-seed-22,22,1020,control,none,direct_reach,0,0.36256128549575806,0.008260471746325493,-9.974800288677216,24
22:1021,22:1021:control,visual-beta1-image-seed-22,22,1021,control,none,waypoint_reach,0,0.2584005296230316,0.00034898321609944105,-7.36919641494751,24
22:1022,22:1022:control,visual-beta1-image-seed-22,22,1022,control,none,direct_reach,0,0.5038313269615173,0.00013112738088238984,-10.312665939331055,24
22:1023,22:1023:control,visual-beta1-image-seed-22,22,1023,control,none,waypoint_reach,0,0.5524676442146301,0.0003423767047934234,-10.820722952485085,24
22:1000,22:1000:occlusion,visual-beta1-image-seed-22,22,1000,occlusion,occlusion,direct_reach,1,0.04481247439980507,0.00021674076560884714,-2.1823252104222775,7
22:1001,22:1001:occlusion,visual-beta1-image-seed-22,22,1001,occlusion,occlusion,waypoint_reach,0,0.42308130860328674,0.0008711758418940008,-11.499578088521957,24
22:1002,22:1002:occlusion,visual-beta1-image-seed-22,22,1002,occlusion,occlusion,direct_reach,0,0.423794686794281,6.648153794230893e-05,-8.88117179274559,24
22:1003,22:1003:occlusion,visual-beta1-image-seed-22,22,1003,occlusion,occlusion,waypoint_reach,0,0.26446619629859924,0.0008525351295247674,-5.927506446838379,24
22:1004,22:1004:occlusion,visual-beta1-image-seed-22,22,1004,occlusion,occlusion,direct_reach,0,0.3226950764656067,0.0100663211196661,-10.070100158452988,24
22:1005,22:1005:occlusion,visual-beta1-image-seed-22,22,1005,occlusion,occlusion,waypoint_reach,0,0.31737643480300903,0.0003551212721504271,-6.320260092616081,24
22:1006,22:1006:occlusion,visual-beta1-image-seed-22,22,1006,occlusion,occlusion,direct_reach,1,0.04935896769165993,8.860208617988974e-05,-0.719221692532301,4
22:1007,22:1007:occlusion,visual-beta1-image-seed-22,22,1007,occlusion,occlusion,waypoint_reach,0,0.3182244896888733,0.0008350638672709465,-7.887100160121918,24
22:1008,22:1008:occlusion,visual-beta1-image-seed-22,22,1008,occlusion,occlusion,direct_reach,0,0.3988514244556427,0.006033058278262615,-10.964797228574753,24
22:1009,22:1009:occlusion,visual-beta1-image-seed-22,22,1009,occlusion,occlusion,waypoint_reach,0,0.2698541581630707,0.0008025161223486066,-7.59917813539505,24
22:1010,22:1010:occlusion,visual-beta1-image-seed-22,22,1010,occlusion,occlusion,direct_reach,0,0.36193031072616577,0.000340450118528679,-7.576697021722794,24
22:1011,22:1011:occlusion,visual-beta1-image-seed-22,22,1011,occlusion,occlusion,waypoint_reach,0,0.24215258657932281,0.0008919881656765938,-6.298001199960709,24
22:1012,22:1012:occlusion,visual-beta1-image-seed-22,22,1012,occlusion,occlusion,direct_reach,0,0.1913493573665619,5.1709419494727626e-05,-4.621230185031891,24
22:1013,22:1013:occlusion,visual-beta1-image-seed-22,22,1013,occlusion,occlusion,waypoint_reach,0,0.1385304182767868,0.0008596269763074815,-5.44530788064003,24
22:1014,22:1014:occlusion,visual-beta1-image-seed-22,22,1014,occlusion,occlusion,direct_reach,1,0.003845520317554474,0.00019511432037688792,-1.287754938006401,5
22:1015,22:1015:occlusion,visual-beta1-image-seed-22,22,1015,occlusion,occlusion,waypoint_reach,0,0.28420591354370117,0.0008209465304389596,-7.246328771114349,24
22:1016,22:1016:occlusion,visual-beta1-image-seed-22,22,1016,occlusion,occlusion,direct_reach,1,0.04017307236790657,0.00021674076560884714,-1.446130145341158,5
22:1017,22:1017:occlusion,visual-beta1-image-seed-22,22,1017,occlusion,occlusion,waypoint_reach,0,0.4537985920906067,0.0008711758418940008,-12.663480937480927,24
22:1018,22:1018:occlusion,visual-beta1-image-seed-22,22,1018,occlusion,occlusion,direct_reach,0,0.379269540309906,0.0059328689239919186,-10.520777463912964,24
22:1019,22:1019:occlusion,visual-beta1-image-seed-22,22,1019,occlusion,occlusion,waypoint_reach,0,0.2760242819786072,0.0008525351295247674,-7.239580363035202,24
22:1020,22:1020:occlusion,visual-beta1-image-seed-22,22,1020,occlusion,occlusion,direct_reach,0,0.4031899869441986,0.009832222945988178,-10.984495103359222,24
22:1021,22:1021:occlusion,visual-beta1-image-seed-22,22,1021,occlusion,occlusion,waypoint_reach,0,0.43983179330825806,0.0008763136574998498,-12.340354055166245,24
22:1022,22:1022:occlusion,visual-beta1-image-seed-22,22,1022,occlusion,occlusion,direct_reach,0,0.4485843777656555,8.860208617988974e-05,-9.178619384765625,24
22:1023,22:1023:occlusion,visual-beta1-image-seed-22,22,1023,occlusion,occlusion,waypoint_reach,0,0.4934385120868683,0.0008350638672709465,-9.832741186022758,24
22:1000,22:1000:shuffle,visual-beta1-image-seed-22,22,1000,shuffle,shuffle,direct_reach,0,0.4318426549434662,0.00027637314633466303,-8.247650988399982,24
22:1001,22:1001:shuffle,visual-beta1-image-seed-22,22,1001,shuffle,shuffle,waypoint_reach,0,0.3554110825061798,0.0003671983431559056,-10.030079632997513,24
22:1002,22:1002:shuffle,visual-beta1-image-seed-22,22,1002,shuffle,shuffle,direct_reach,0,0.4786635637283325,0.000106233790575061,-10.027484029531479,24
22:1003,22:1003:shuffle,visual-beta1-image-seed-22,22,1003,shuffle,shuffle,waypoint_reach,0,0.31092098355293274,0.0002931687922682613,-6.086294822394848,24
22:1004,22:1004:shuffle,visual-beta1-image-seed-22,22,1004,shuffle,shuffle,direct_reach,0,0.27334901690483093,0.008582331240177155,-8.916792809963226,24
22:1005,22:1005:shuffle,visual-beta1-image-seed-22,22,1005,shuffle,shuffle,waypoint_reach,0,0.2877841591835022,5.453309859149158e-05,-6.87679249048233,24
22:1006,22:1006:shuffle,visual-beta1-image-seed-22,22,1006,shuffle,shuffle,direct_reach,1,0.05506719648838043,0.00012908410280942917,-0.7267384007573128,4
22:1007,22:1007:shuffle,visual-beta1-image-seed-22,22,1007,shuffle,shuffle,waypoint_reach,0,0.3074752688407898,0.00032209226628765464,-7.389814540743828,24
22:1008,22:1008:shuffle,visual-beta1-image-seed-22,22,1008,shuffle,shuffle,direct_reach,0,0.33624300360679626,0.004886271897703409,-9.631639212369919,24
22:1009,22:1009:shuffle,visual-beta1-image-seed-22,22,1009,shuffle,shuffle,waypoint_reach,0,0.29029718041419983,0.0002818172797560692,-8.535793155431747,24
22:1010,22:1010:shuffle,visual-beta1-image-seed-22,22,1010,shuffle,shuffle,direct_reach,0,0.4389360249042511,0.0003798560064751655,-8.974010273814201,24
22:1011,22:1011:shuffle,visual-beta1-image-seed-22,22,1011,shuffle,shuffle,waypoint_reach,0,0.27065014839172363,0.0003350725455675274,-6.053031384944916,24
22:1012,22:1012:shuffle,visual-beta1-image-seed-22,22,1012,shuffle,shuffle,direct_reach,1,0.010131117887794971,0.00011403535609133542,-1.1765288086608052,5
22:1013,22:1013:shuffle,visual-beta1-image-seed-22,22,1013,shuffle,shuffle,waypoint_reach,0,0.1696206033229828,0.0003403801820240915,-4.775618731975555,24
22:1014,22:1014:shuffle,visual-beta1-image-seed-22,22,1014,shuffle,shuffle,direct_reach,1,0.05921803042292595,0.00022928281396161765,-1.3540576361119747,5
22:1015,22:1015:shuffle,visual-beta1-image-seed-22,22,1015,shuffle,shuffle,waypoint_reach,0,0.2791276276111603,0.0002782032825052738,-6.601196840405464,24
22:1016,22:1016:shuffle,visual-beta1-image-seed-22,22,1016,shuffle,shuffle,direct_reach,0,0.4537803828716278,0.0002760163333732635,-8.458834253251553,24
22:1017,22:1017:shuffle,visual-beta1-image-seed-22,22,1017,shuffle,shuffle,waypoint_reach,0,0.37220892310142517,0.00033734890166670084,-10.90073350071907,24
22:1018,22:1018:shuffle,visual-beta1-image-seed-22,22,1018,shuffle,shuffle,direct_reach,0,0.3018127977848053,0.004655389115214348,-8.872094303369522,24
22:1019,22:1019:shuffle,visual-beta1-image-seed-22,22,1019,shuffle,shuffle,waypoint_reach,0,0.2899995744228363,0.00033078703563660383,-8.472871512174606,24
22:1020,22:1020:shuffle,visual-beta1-image-seed-22,22,1020,shuffle,shuffle,direct_reach,0,0.36251935362815857,0.008259917609393597,-9.973631978034973,24
22:1021,22:1021:shuffle,visual-beta1-image-seed-22,22,1021,shuffle,shuffle,waypoint_reach,0,0.260434091091156,0.0003950537648051977,-7.4569849371910095,24
22:1022,22:1022:shuffle,visual-beta1-image-seed-22,22,1022,shuffle,shuffle,direct_reach,0,0.5048132538795471,0.00013247004244476557,-10.336916983127594,24
22:1023,22:1023:shuffle,visual-beta1-image-seed-22,22,1023,shuffle,shuffle,waypoint_reach,0,0.5574404001235962,0.0003267954452894628,-10.894078582525253,24
22:1000,22:1000:state_only,visual-beta1-state-only-seed-22,22,1000,state_only,state_only,direct_reach,0,0.4101974070072174,0.0005356826586648822,-8.065448470413685,24
22:1001,22:1001:state_only,visual-beta1-state-only-seed-22,22,1001,state_only,state_only,waypoint_reach,0,0.3741375505924225,0.00012466771295294166,-9.882410109043121,24
22:1002,22:1002:state_only,visual-beta1-state-only-seed-22,22,1002,state_only,state_only,direct_reach,0,0.4675537943840027,0.00036810748861171305,-10.08836430311203,24
22:1003,22:1003:state_only,visual-beta1-state-only-seed-22,22,1003,state_only,state_only,waypoint_reach,0,0.2926689386367798,0.0001982505345949903,-6.138105168938637,24
22:1004,22:1004:state_only,visual-beta1-state-only-seed-22,22,1004,state_only,state_only,direct_reach,0,0.2846454381942749,0.008412775583565235,-8.995690524578094,24
22:1005,22:1005:state_only,visual-beta1-state-only-seed-22,22,1005,state_only,state_only,waypoint_reach,0,0.2905844449996948,1.5141479707381222e-05,-6.907242462038994,24
22:1006,22:1006:state_only,visual-beta1-state-only-seed-22,22,1006,state_only,state_only,direct_reach,0,0.3526950478553772,0.00038944632979109883,-7.417899087071419,24
22:1007,22:1007:state_only,visual-beta1-state-only-seed-22,22,1007,state_only,state_only,waypoint_reach,0,0.3070225417613983,0.00012365452130325139,-7.3319064527750015,24
22:1008,22:1008:state_only,visual-beta1-state-only-seed-22,22,1008,state_only,state_only,direct_reach,0,0.3495400846004486,0.004732838831841946,-9.698473960161209,24
22:1009,22:1009:state_only,visual-beta1-state-only-seed-22,22,1009,state_only,state_only,waypoint_reach,0,0.3047223687171936,0.00011350150452926755,-8.492531657218933,24
22:1010,22:1010:state_only,visual-beta1-state-only-seed-22,22,1010,state_only,state_only,direct_reach,0,0.41569939255714417,0.0007331434171646833,-8.778070241212845,24
22:1011,22:1011:state_only,visual-beta1-state-only-seed-22,22,1011,state_only,state_only,waypoint_reach,0,0.2586553990840912,0.00024014388327486813,-6.033501207828522,24
22:1012,22:1012:state_only,visual-beta1-state-only-seed-22,22,1012,state_only,state_only,direct_reach,1,0.02284390851855278,0.00032818448380567133,-1.1815445609390736,5
22:1013,22:1013:state_only,visual-beta1-state-only-seed-22,22,1013,state_only,state_only,waypoint_reach,0,0.15289941430091858,0.00013978773495182395,-4.546340435743332,24
22:1014,22:1014:state_only,visual-beta1-state-only-seed-22,22,1014,state_only,state_only,direct_reach,0,0.347463995218277,0.000536083010956645,-7.149157218635082,24
22:1015,22:1015:state_only,visual-beta1-state-only-seed-22,22,1015,state_only,state_only,waypoint_reach,0,0.2770520746707916,0.00011886599531862885,-6.638103157281876,24
22:1016,22:1016:state_only,visual-beta1-state-only-seed-22,22,1016,state_only,state_only,direct_reach,0,0.43612387776374817,0.0005356826586648822,-8.370213001966476,24
22:1017,22:1017:state_only,visual-beta1-state-only-seed-22,22,1017,state_only,state_only,waypoint_reach,0,0.3999013900756836,0.00012466771295294166,-10.850357949733734,24
22:1018,22:1018:state_only,visual-beta1-state-only-seed-22,22,1018,state_only,state_only,direct_reach,0,0.3227015435695648,0.004454554989933968,-9.038742005825043,24
22:1019,22:1019:state_only,visual-beta1-state-only-seed-22,22,1019,state_only,state_only,waypoint_reach,0,0.2997584342956543,0.0001982505345949903,-8.326306760311127,24
22:1020,22:1020:state_only,visual-beta1-state-only-seed-22,22,1020,state_only,state_only,direct_reach,0,0.37369298934936523,0.008205740712583065,-10.112119942903519,24
22:1021,22:1021:state_only,visual-beta1-state-only-seed-22,22,1021,state_only,state_only,waypoint_reach,0,0.25721508264541626,0.00015496819105464965,-7.286007195711136,24
22:1022,22:1022:state_only,visual-beta1-state-only-seed-22,22,1022,state_only,state_only,direct_reach,0,0.49116477370262146,0.00038944632979109883,-10.35240712761879,24
22:1023,22:1023:state_only,visual-beta1-state-only-seed-22,22,1023,state_only,state_only,waypoint_reach,0,0.5655183792114258,0.00012365452130325139,-10.98968493938446,24
33:1000,33:1000:control,visual-beta1-image-seed-33,33,1000,control,none,direct_reach,0,0.85166996717453,0.0009889916982501745,-15.22823441028595,24
33:1001,33:1001:control,visual-beta1-image-seed-33,33,1001,control,none,waypoint_reach,0,0.2985413372516632,0.0010009482502937317,-6.250223442912102,24
33:1002,33:1002:control,visual-beta1-image-seed-33,33,1002,control,none,direct_reach,0,0.853408932685852,0.0019942941144108772,-17.181829184293747,24
33:1003,33:1003:control,visual-beta1-image-seed-33,33,1003,control,none,waypoint_reach,0,0.6321215033531189,0.000257094856351614,-9.120208516716957,24
33:1004,33:1004:control,visual-beta1-image-seed-33,33,1004,control,none,direct_reach,0,0.3666859269142151,0.003914475906640291,-7.564646005630493,24
33:1005,33:1005:control,visual-beta1-image-seed-33,33,1005,control,none,waypoint_reach,0,0.5145916938781738,0.000598497164901346,-7.042226999998093,24
33:1006,33:1006:control,visual-beta1-image-seed-33,33,1006,control,none,direct_reach,0,0.6461470723152161,0.0017990823835134506,-11.950231462717056,24
33:1007,33:1007:control,visual-beta1-image-seed-33,33,1007,control,none,waypoint_reach,0,0.32514381408691406,0.0007750170771032572,-6.7732221484184265,24
33:1008,33:1008:control,visual-beta1-image-seed-33,33,1008,control,none,direct_reach,0,0.2844659984111786,0.0011737106833606958,-6.381116300821304,24
33:1009,33:1009:control,visual-beta1-image-seed-33,33,1009,control,none,waypoint_reach,0,0.4051438868045807,0.00056756183039397,-6.948725491762161,24
33:1010,33:1010:control,visual-beta1-image-seed-33,33,1010,control,none,direct_reach,0,0.85309237241745,0.0013795712729915977,-16.264932870864868,24
33:1011,33:1011:control,visual-beta1-image-seed-33,33,1011,control,none,waypoint_reach,0,0.5188958048820496,0.00025613242178224027,-9.98508994281292,24
33:1012,33:1012:control,visual-beta1-image-seed-33,33,1012,control,none,direct_reach,0,0.622658371925354,0.0017990065971389413,-11.512086167931557,24
33:1013,33:1013:control,visual-beta1-image-seed-33,33,1013,control,none,waypoint_reach,0,0.45089834928512573,0.0008948176400735974,-9.009764075279236,24
33:1014,33:1014:control,visual-beta1-image-seed-33,33,1014,control,none,direct_reach,0,0.7224674820899963,0.0015422473661601543,-13.3355593085289,24
33:1015,33:1015:control,visual-beta1-image-seed-33,33,1015,control,none,waypoint_reach,0,0.5344923138618469,0.0006897265557199717,-7.256577428430319,24
33:1016,33:1016:control,visual-beta1-image-seed-33,33,1016,control,none,direct_reach,0,0.8425254821777344,0.0009909652872011065,-14.725247025489807,24
33:1017,33:1017:control,visual-beta1-image-seed-33,33,1017,control,none,waypoint_reach,0,0.23898741602897644,0.0010155458003282547,-6.370853930711746,24
33:1018,33:1018:control,visual-beta1-image-seed-33,33,1018,control,none,direct_reach,0,0.2222949117422104,0.0009273250470869243,-5.18601793050766,24
33:1019,33:1019:control,visual-beta1-image-seed-33,33,1019,control,none,waypoint_reach,0,0.41522109508514404,0.00027187468367628753,-6.940825745463371,24
33:1020,33:1020:control,visual-beta1-image-seed-33,33,1020,control,none,direct_reach,0,0.4411410987377167,0.0037812571972608566,-8.82690343260765,24
33:1021,33:1021:control,visual-beta1-image-seed-33,33,1021,control,none,waypoint_reach,0,0.26022231578826904,0.0009727607830427587,-6.259718641638756,24
33:1022,33:1022:control,visual-beta1-image-seed-33,33,1022,control,none,direct_reach,0,0.8743863105773926,0.001772597897797823,-17.178939402103424,24
33:1023,33:1023:control,visual-beta1-image-seed-33,33,1023,control,none,waypoint_reach,0,0.7635425925254822,0.0007461040513589978,-12.537171989679337,24
33:1000,33:1000:occlusion,visual-beta1-image-seed-33,33,1000,occlusion,occlusion,direct_reach,0,0.85166996717453,0.0005694935680367053,-14.389845818281174,24
33:1001,33:1001:occlusion,visual-beta1-image-seed-33,33,1001,occlusion,occlusion,waypoint_reach,0,0.24727851152420044,0.0010307575576007366,-6.58868645131588,24
33:1002,33:1002:occlusion,visual-beta1-image-seed-33,33,1002,occlusion,occlusion,direct_reach,0,0.853408932685852,0.0014238512376323342,-16.37725967168808,24
33:1003,33:1003:occlusion,visual-beta1-image-seed-33,33,1003,occlusion,occlusion,waypoint_reach,0,0.5501695275306702,0.0003508481604512781,-7.812694188207388,24
33:1004,33:1004:occlusion,visual-beta1-image-seed-33,33,1004,occlusion,occlusion,direct_reach,0,0.3666859269142151,0.004428103566169739,-7.495606169104576,24
33:1005,33:1005:occlusion,visual-beta1-image-seed-33,33,1005,occlusion,occlusion,waypoint_reach,0,0.4291880130767822,0.0005293656140565872,-6.064420737326145,24
33:1006,33:1006:occlusion,visual-beta1-image-seed-33,33,1006,occlusion,occlusion,direct_reach,0,0.6461470723152161,0.0012187049724161625,-11.182930082082748,24
33:1007,33:1007:occlusion,visual-beta1-image-seed-33,33,1007,occlusion,occlusion,waypoint_reach,0,0.3158295750617981,0.0008879243396222591,-6.606549516320229,24
33:1008,33:1008:occlusion,visual-beta1-image-seed-33,33,1008,occlusion,occlusion,direct_reach,0,0.2844659984111786,0.0013451267732307315,-6.486599802970886,24
33:1009,33:1009:occlusion,visual-beta1-image-seed-33,33,1009,occlusion,occlusion,waypoint_reach,0,0.33916547894477844,0.0007222684798762202,-6.645380884408951,24
33:1010,33:1010:occlusion,visual-beta1-image-seed-33,33,1010,occlusion,occlusion,direct_reach,0,0.85309237241745,0.0008423734689131379,-15.366239726543427,24
33:1011,33:1011:occlusion,visual-beta1-image-seed-33,33,1011,occlusion,occlusion,waypoint_reach,0,0.4945813715457916,0.00029862605151720345,-9.355725899338722,24
33:1012,33:1012:occlusion,visual-beta1-image-seed-33,33,1012,occlusion,occlusion,direct_reach,0,0.622658371925354,0.0012504342012107372,-10.665436029434204,24
33:1013,33:1013:occlusion,visual-beta1-image-seed-33,33,1013,occlusion,occlusion,waypoint_reach,0,0.423064261674881,0.001015721121802926,-8.408858999609947,24
33:1014,33:1014:occlusion,visual-beta1-image-seed-33,33,1014,occlusion,occlusion,direct_reach,0,0.7224674820899963,0.0009864289313554764,-12.466245993971825,24
33:1015,33:1015:occlusion,visual-beta1-image-seed-33,33,1015,occlusion,occlusion,waypoint_reach,0,0.4479709267616272,0.0008277790620923042,-6.247079238295555,24
33:1016,33:1016:occlusion,visual-beta1-image-seed-33,33,1016,occlusion,occlusion,direct_reach,0,0.8425254821777344,0.0005694935680367053,-13.878281459212303,24
33:1017,33:1017:occlusion,visual-beta1-image-seed-33,33,1017,occlusion,occlusion,waypoint_reach,0,0.20122481882572174,0.0010307575576007366,-7.172781333327293,24
33:1018,33:1018:occlusion,visual-beta1-image-seed-33,33,1018,occlusion,occlusion,direct_reach,0,0.2222949117422104,0.001114098820835352,-5.299702733755112,24
33:1019,33:1019:occlusion,visual-beta1-image-seed-33,33,1019,occlusion,occlusion,waypoint_reach,0,0.34377461671829224,0.0003508481604512781,-6.650398597121239,24
33:1020,33:1020:occlusion,visual-beta1-image-seed-33,33,1020,occlusion,occlusion,direct_reach,0,0.4411410987377167,0.0042747799307107925,-8.746652603149414,24
33:1021,33:1021:occlusion,visual-beta1-image-seed-33,33,1021,occlusion,occlusion,waypoint_reach,0,0.2543206512928009,0.0010960146319121122,-6.295032471418381,24
33:1022,33:1022:occlusion,visual-beta1-image-seed-33,33,1022,occlusion,occlusion,direct_reach,0,0.8743863105773926,0.0012187049724161625,-16.34343546628952,24
33:1023,33:1023:occlusion,visual-beta1-image-seed-33,33,1023,occlusion,occlusion,waypoint_reach,0,0.6692621111869812,0.0008879243396222591,-11.193963319063187,24
33:1000,33:1000:shuffle,visual-beta1-image-seed-33,33,1000,shuffle,shuffle,direct_reach,0,0.85166996717453,0.0010187060106545687,-15.307725936174393,24
33:1001,33:1001:shuffle,visual-beta1-image-seed-33,33,1001,shuffle,shuffle,waypoint_reach,0,0.2923513948917389,0.0009785210713744164,-6.274310931563377,24
33:1002,33:1002:shuffle,visual-beta1-image-seed-33,33,1002,shuffle,shuffle,direct_reach,0,0.853408932685852,0.001991749508306384,-17.178646594285965,24
33:1003,33:1003:shuffle,visual-beta1-image-seed-33,33,1003,shuffle,shuffle,waypoint_reach,0,0.6525217890739441,0.00028106014360673726,-9.422689199447632,24
33:1004,33:1004:shuffle,visual-beta1-image-seed-33,33,1004,shuffle,shuffle,direct_reach,0,0.3666859269142151,0.003993114456534386,-7.556884288787842,24
33:1005,33:1005:shuffle,visual-beta1-image-seed-33,33,1005,shuffle,shuffle,waypoint_reach,0,0.5111215114593506,0.000591535004787147,-7.005584180355072,24
33:1006,33:1006:shuffle,visual-beta1-image-seed-33,33,1006,shuffle,shuffle,direct_reach,0,0.6461470723152161,0.001760338549502194,-11.899186372756958,24
33:1007,33:1007:shuffle,visual-beta1-image-seed-33,33,1007,shuffle,shuffle,waypoint_reach,0,0.323300302028656,0.0007568006403744221,-6.77234959602356,24
33:1008,33:1008:shuffle,visual-beta1-image-seed-33,33,1008,shuffle,shuffle,direct_reach,0,0.2844659984111786,0.0012130013201385736,-6.396365761756897,24
33:1009,33:1009:shuffle,visual-beta1-image-seed-33,33,1009,shuffle,shuffle,waypoint_reach,0,0.4130536913871765,0.0005803435924462974,-6.972415402531624,24
33:1010,33:1010:shuffle,visual-beta1-image-seed-33,33,1010,shuffle,shuffle,direct_reach,0,0.85309237241745,0.0014543645083904266,-16.416052401065826,24
33:1011,33:1011:shuffle,visual-beta1-image-seed-33,33,1011,shuffle,shuffle,waypoint_reach,0,0.5198717713356018,0.0002604725304991007,-10.005402103066444,24
33:1012,33:1012:shuffle,visual-beta1-image-seed-33,33,1012,shuffle,shuffle,direct_reach,0,0.622658371925354,0.0018659981433302164,-11.598597034811974,24
33:1013,33:1013:shuffle,visual-beta1-image-seed-33,33,1013,shuffle,shuffle,waypoint_reach,0,0.45219025015830994,0.00090203364379704,-9.031489327549934,24
33:1014,33:1014:shuffle,visual-beta1-image-seed-33,33,1014,shuffle,shuffle,direct_reach,0,0.7224674820899963,0.0015268763527274132,-13.311083823442459,24
33:1015,33:1015:shuffle,visual-beta1-image-seed-33,33,1015,shuffle,shuffle,waypoint_reach,0,0.5431807041168213,0.0007002808852121234,-7.322012268006802,24
33:1016,33:1016:shuffle,visual-beta1-image-seed-33,33,1016,shuffle,shuffle,direct_reach,0,0.8425254821777344,0.0010175334755331278,-14.793033093214035,24
33:1017,33:1017:shuffle,visual-beta1-image-seed-33,33,1017,shuffle,shuffle,waypoint_reach,0,0.23696643114089966,0.0010044368682429194,-6.386146813631058,24
33:1018,33:1018:shuffle,visual-beta1-image-seed-33,33,1018,shuffle,shuffle,direct_reach,0,0.2222949117422104,0.0009378872346132994,-5.1911584585905075,24
33:1019,33:1019:shuffle,visual-beta1-image-seed-33,33,1019,shuffle,shuffle,waypoint_reach,0,0.41151663661003113,0.00026538351085036993,-6.9335924088954926,24
33:1020,33:1020:shuffle,visual-beta1-image-seed-33,33,1020,shuffle,shuffle,direct_reach,0,0.4411410987377167,0.0037676477804780006,-8.826857909560204,24
33:1021,33:1021:shuffle,visual-beta1-image-seed-33,33,1021,shuffle,shuffle,waypoint_reach,0,0.258096843957901,0.0009357809321954846,-6.294196084141731,24
33:1022,33:1022:shuffle,visual-beta1-image-seed-33,33,1022,shuffle,shuffle,direct_reach,0,0.8743863105773926,0.0017790098208934069,-17.18765115737915,24
33:1023,33:1023:shuffle,visual-beta1-image-seed-33,33,1023,shuffle,shuffle,waypoint_reach,0,0.7728641033172607,0.0007611509645357728,-12.669751524925232,24
33:1000,33:1000:state_only,visual-beta1-state-only-seed-33,33,1000,state_only,state_only,direct_reach,0,0.7647138833999634,0.0008802477386780083,-13.970183700323105,24
33:1001,33:1001:state_only,visual-beta1-state-only-seed-33,33,1001,state_only,state_only,waypoint_reach,0,0.2520922124385834,0.0008212690590880811,-6.085386469960213,24
33:1002,33:1002:state_only,visual-beta1-state-only-seed-33,33,1002,state_only,state_only,direct_reach,0,0.7799234986305237,0.0007425637450069189,-15.249220341444016,24
33:1003,33:1003:state_only,visual-beta1-state-only-seed-33,33,1003,state_only,state_only,waypoint_reach,0,0.5749804377555847,0.00028545339591801167,-9.325474634766579,24
33:1004,33:1004:state_only,visual-beta1-state-only-seed-33,33,1004,state_only,state_only,direct_reach,0,0.3019644618034363,0.004142535384744406,-6.821907058358192,24
33:1005,33:1005:state_only,visual-beta1-state-only-seed-33,33,1005,state_only,state_only,waypoint_reach,0,0.43842750787734985,0.0005934442742727697,-6.667154148221016,24
33:1006,33:1006:state_only,visual-beta1-state-only-seed-33,33,1006,state_only,state_only,direct_reach,0,0.5782437324523926,0.0007576125208288431,-10.393868118524551,24
33:1007,33:1007:state_only,visual-beta1-state-only-seed-33,33,1007,state_only,state_only,waypoint_reach,0,0.4174487292766571,0.0008158258278854191,-7.708441823720932,24
33:1008,33:1008:state_only,visual-beta1-state-only-seed-33,33,1008,state_only,state_only,direct_reach,0,0.24046671390533447,0.0019747389014810324,-6.178420916199684,24
33:1009,33:1009:state_only,visual-beta1-state-only-seed-33,33,1009,state_only,state_only,waypoint_reach,0,0.3500075042247772,0.0006886166520416737,-6.488210305571556,24
33:1010,33:1010:state_only,visual-beta1-state-only-seed-33,33,1010,state_only,state_only,direct_reach,0,0.7677041292190552,0.0006496403366327286,-14.657685101032257,24
33:1011,33:1011:state_only,visual-beta1-state-only-seed-33,33,1011,state_only,state_only,waypoint_reach,0,0.6799471974372864,0.00021550148085225374,-11.724417731165886,24
33:1012,33:1012:state_only,visual-beta1-state-only-seed-33,33,1012,state_only,state_only,direct_reach,0,0.5452483892440796,0.0008604703471064568,-9.721859082579613,24
33:1013,33:1013:state_only,visual-beta1-state-only-seed-33,33,1013,state_only,state_only,waypoint_reach,0,0.6240027546882629,0.0009290038724429905,-11.126103430986404,24
33:1014,33:1014:state_only,visual-beta1-state-only-seed-33,33,1014,state_only,state_only,direct_reach,0,0.6451219320297241,0.0006813466316089034,-11.719304248690605,24
33:1015,33:1015:state_only,visual-beta1-state-only-seed-33,33,1015,state_only,state_only,waypoint_reach,0,0.4608418643474579,0.0007771176751703024,-6.936271715909243,24
33:1016,33:1016:state_only,visual-beta1-state-only-seed-33,33,1016,state_only,state_only,direct_reach,0,0.759308934211731,0.0008802477386780083,-13.532606422901154,24
33:1017,33:1017:state_only,visual-beta1-state-only-seed-33,33,1017,state_only,state_only,waypoint_reach,0,0.20260728895664215,0.0008212690590880811,-6.3352217972278595,24
33:1018,33:1018:state_only,visual-beta1-state-only-seed-33,33,1018,state_only,state_only,direct_reach,0,0.17218412458896637,0.0018964301561936736,-4.95239831507206,24
33:1019,33:1019:state_only,visual-beta1-state-only-seed-33,33,1019,state_only,state_only,waypoint_reach,0,0.3614688515663147,0.00028545339591801167,-6.563846111297607,24
33:1020,33:1020:state_only,visual-beta1-state-only-seed-33,33,1020,state_only,state_only,direct_reach,0,0.3886282444000244,0.003997243475168943,-8.239840999245644,24
33:1021,33:1021:state_only,visual-beta1-state-only-seed-33,33,1021,state_only,state_only,waypoint_reach,0,0.3486078977584839,0.0010119437938556075,-7.013355225324631,24
33:1022,33:1022:state_only,visual-beta1-state-only-seed-33,33,1022,state_only,state_only,direct_reach,0,0.7998563051223755,0.0007576125208288431,-15.416729271411896,24
33:1023,33:1023:state_only,visual-beta1-state-only-seed-33,33,1023,state_only,state_only,waypoint_reach,0,0.6850780248641968,0.0008158258278854191,-12.539614081382751,24
44:1000,44:1000:control,visual-beta1-image-seed-44,44,1000,control,none,direct_reach,0,0.6811996102333069,0.0008987800683826208,-12.208391040563583,24
44:1001,44:1001:control,visual-beta1-image-seed-44,44,1001,control,none,waypoint_reach,0,0.15633201599121094,0.0024633833672851324,-6.3872461169958115,24
44:1002,44:1002:control,visual-beta1-image-seed-44,44,1002,control,none,direct_reach,0,0.7034322619438171,0.0017614222597330809,-13.384956568479538,24
44:1003,44:1003:control,visual-beta1-image-seed-44,44,1003,control,none,waypoint_reach,0,0.3357631266117096,0.0012486123014241457,-6.345982156693935,24
44:1004,44:1004:control,visual-beta1-image-seed-44,44,1004,control,none,direct_reach,0,0.2689386010169983,0.00329875317402184,-6.771059945225716,24
44:1005,44:1005:control,visual-beta1-image-seed-44,44,1005,control,none,waypoint_reach,0,0.45703521370887756,0.0014386149123311043,-6.867893986403942,24
44:1006,44:1006:control,visual-beta1-image-seed-44,44,1006,control,none,direct_reach,0,0.5174692869186401,0.0016275531379505992,-8.641610011458397,24
44:1007,44:1007:control,visual-beta1-image-seed-44,44,1007,control,none,waypoint_reach,0,0.3255615234375,0.0021557232830673456,-5.5078985914587975,24
44:1008,44:1008:control,visual-beta1-image-seed-44,44,1008,control,none,direct_reach,0,0.22563929855823517,0.0009380552219226956,-6.300080671906471,24
44:1009,44:1009:control,visual-beta1-image-seed-44,44,1009,control,none,waypoint_reach,0,0.16158628463745117,0.0018296989146620035,-5.436281718313694,24
44:1010,44:1010:control,visual-beta1-image-seed-44,44,1010,control,none,direct_reach,0,0.6829370856285095,0.0009275433258153498,-12.929616004228592,24
44:1011,44:1011:control,visual-beta1-image-seed-44,44,1011,control,none,waypoint_reach,0,0.2821725308895111,0.0012340799439698458,-5.857734531164169,24
44:1012,44:1012:control,visual-beta1-image-seed-44,44,1012,control,none,direct_reach,0,0.47319844365119934,0.0017637177370488644,-8.220238253474236,24
44:1013,44:1013:control,visual-beta1-image-seed-44,44,1013,control,none,waypoint_reach,0,0.25498101115226746,0.0022538567427545786,-5.957287594676018,24
44:1014,44:1014:control,visual-beta1-image-seed-44,44,1014,control,none,direct_reach,0,0.5713788270950317,0.0012336574727669358,-9.897891387343407,24
44:1015,44:1015:control,visual-beta1-image-seed-44,44,1015,control,none,waypoint_reach,0,0.4787779748439789,0.0019556605257093906,-7.4245892614126205,24
44:1016,44:1016:control,visual-beta1-image-seed-44,44,1016,control,none,direct_reach,0,0.6806686520576477,0.0009018511627800763,-11.514369204640388,24
44:1017,44:1017:control,visual-beta1-image-seed-44,44,1017,control,none,waypoint_reach,0,0.16478516161441803,0.0025218455120921135,-7.446920916438103,24
44:1018,44:1018:control,visual-beta1-image-seed-44,44,1018,control,none,direct_reach,0,0.15445837378501892,0.0009354577050544322,-5.265701442956924,24
44:1019,44:1019:control,visual-beta1-image-seed-44,44,1019,control,none,waypoint_reach,0,0.15818053483963013,0.0013118342030793428,-5.668491132557392,24
44:1020,44:1020:control,visual-beta1-image-seed-44,44,1020,control,none,direct_reach,0,0.36248502135276794,0.0032151786144822836,-7.888373076915741,24
44:1021,44:1021:control,visual-beta1-image-seed-44,44,1021,control,none,waypoint_reach,0,0.2580975294113159,0.002489660168066621,-5.509648069739342,24
44:1022,44:1022:control,visual-beta1-image-seed-44,44,1022,control,none,direct_reach,0,0.7235111594200134,0.0015741020906716585,-13.46460646390915,24
44:1023,44:1023:control,visual-beta1-image-seed-44,44,1023,control,none,waypoint_reach,0,0.7128839492797852,0.002002872060984373,-13.491948127746582,24
44:1000,44:1000:occlusion,visual-beta1-image-seed-44,44,1000,occlusion,occlusion,direct_reach,0,0.85166996717453,0.0036514271050691605,-17.375773787498474,24
44:1001,44:1001:occlusion,visual-beta1-image-seed-44,44,1001,occlusion,occlusion,waypoint_reach,0,0.19239799678325653,0.005051231011748314,-3.972172450274229,24
44:1002,44:1002:occlusion,visual-beta1-image-seed-44,44,1002,occlusion,occlusion,direct_reach,0,0.853408932685852,0.005139764863997698,-18.21659028530121,24
44:1003,44:1003:occlusion,visual-beta1-image-seed-44,44,1003,occlusion,occlusion,waypoint_reach,0,0.606372594833374,0.0033991809468716383,-11.483252078294754,24
44:1004,44:1004:occlusion,visual-beta1-image-seed-44,44,1004,occlusion,occlusion,direct_reach,1,0.012851067818701267,0.0009419877314940095,-2.0009754011407495,8
44:1005,44:1005:occlusion,visual-beta1-image-seed-44,44,1005,occlusion,occlusion,waypoint_reach,0,0.4503463804721832,0.0040438477881252766,-7.214960217475891,24
44:1006,44:1006:occlusion,visual-beta1-image-seed-44,44,1006,occlusion,occlusion,direct_reach,0,0.6461470723152161,0.004836638458073139,-12.693129867315292,24
44:1007,44:1007:occlusion,visual-beta1-image-seed-44,44,1007,occlusion,occlusion,waypoint_reach,0,0.3703104257583618,0.004574653692543507,-6.386906862258911,24
44:1008,44:1008:occlusion,visual-beta1-image-seed-44,44,1008,occlusion,occlusion,direct_reach,1,0.047837868332862854,0.00021274435857776552,-1.648726150393486,7
44:1009,44:1009:occlusion,visual-beta1-image-seed-44,44,1009,occlusion,occlusion,waypoint_reach,0,0.3357130289077759,0.0041488539427518845,-5.519317448139191,24
44:1010,44:1010:occlusion,visual-beta1-image-seed-44,44,1010,occlusion,occlusion,direct_reach,0,0.85309237241745,0.003757283091545105,-18.27424144744873,24
44:1011,44:1011:occlusion,visual-beta1-image-seed-44,44,1011,occlusion,occlusion,waypoint_reach,0,0.5449060797691345,0.00336294062435627,-10.670988202095032,24
44:1012,44:1012:occlusion,visual-beta1-image-seed-44,44,1012,occlusion,occlusion,direct_reach,0,0.622658371925354,0.005034778732806444,-12.949806123971939,24
44:1013,44:1013:occlusion,visual-beta1-image-seed-44,44,1013,occlusion,occlusion,waypoint_reach,0,0.6125350594520569,0.004840914160013199,-13.02443054318428,24
44:1014,44:1014:occlusion,visual-beta1-image-seed-44,44,1014,occlusion,occlusion,direct_reach,0,0.7224674820899963,0.0042547378689050674,-14.715827018022537,24
44:1015,44:1015:occlusion,visual-beta1-image-seed-44,44,1015,occlusion,occlusion,waypoint_reach,0,0.4786578118801117,0.004410814493894577,-7.923435851931572,24
44:1016,44:1016:occlusion,visual-beta1-image-seed-44,44,1016,occlusion,occlusion,direct_reach,0,0.8425254821777344,0.0036514271050691605,-16.502178966999054,24
44:1017,44:1017:occlusion,visual-beta1-image-seed-44,44,1017,occlusion,occlusion,waypoint_reach,0,0.12755975127220154,0.005051231011748314,-4.1268862672150135,24
44:1018,44:1018:occlusion,visual-beta1-image-seed-44,44,1018,occlusion,occlusion,direct_reach,1,0.025013582780957222,0.0003209266869816929,-1.8108068499714136,8
44:1019,44:1019:occlusion,visual-beta1-image-seed-44,44,1019,occlusion,occlusion,waypoint_reach,0,0.3369169235229492,0.0033991809468716383,-6.061596162617207,24
44:1020,44:1020:occlusion,visual-beta1-image-seed-44,44,1020,occlusion,occlusion,direct_reach,0,0.4411410987377167,0.0008766418322920799,-7.68237030506134,24
44:1021,44:1021:occlusion,visual-beta1-image-seed-44,44,1021,occlusion,occlusion,waypoint_reach,0,0.19291476905345917,0.004982196260243654,-3.959015951026231,24
44:1022,44:1022:occlusion,visual-beta1-image-seed-44,44,1022,occlusion,occlusion,direct_reach,0,0.8743863105773926,0.004836638458073139,-18.298676371574402,24
44:1023,44:1023:occlusion,visual-beta1-image-seed-44,44,1023,occlusion,occlusion,waypoint_reach,0,0.7794477939605713,0.004574653692543507,-15.814313769340515,24
44:1000,44:1000:shuffle,visual-beta1-image-seed-44,44,1000,shuffle,shuffle,direct_reach,0,0.6885300278663635,0.0009390703635290265,-12.31879448890686,24
44:1001,44:1001:shuffle,visual-beta1-image-seed-44,44,1001,shuffle,shuffle,waypoint_reach,0,0.17390936613082886,0.002269160933792591,-6.869801312685013,24
44:1002,44:1002:shuffle,visual-beta1-image-seed-44,44,1002,shuffle,shuffle,direct_reach,0,0.7034148573875427,0.001759480917826295,-13.386748939752579,24
44:1003,44:1003:shuffle,visual-beta1-image-seed-44,44,1003,shuffle,shuffle,waypoint_reach,0,0.36535266041755676,0.0013952634762972593,-6.827568344771862,24
44:1004,44:1004:shuffle,visual-beta1-image-seed-44,44,1004,shuffle,shuffle,direct_reach,0,0.25418171286582947,0.003651617094874382,-6.904867619276047,24
44:1005,44:1005:shuffle,visual-beta1-image-seed-44,44,1005,shuffle,shuffle,waypoint_reach,0,0.4600560665130615,0.001472280826419592,-6.895974174141884,24
44:1006,44:1006:shuffle,visual-beta1-image-seed-44,44,1006,shuffle,shuffle,direct_reach,0,0.511745035648346,0.0015740487724542618,-8.558246843516827,24
44:1007,44:1007:shuffle,visual-beta1-image-seed-44,44,1007,shuffle,shuffle,waypoint_reach,0,0.31893038749694824,0.0020419303327798843,-5.56860863417387,24
44:1008,44:1008:shuffle,visual-beta1-image-seed-44,44,1008,shuffle,shuffle,direct_reach,0,0.22018395364284515,0.0011741241905838251,-6.631510183215141,24
44:1009,44:1009:shuffle,visual-beta1-image-seed-44,44,1009,shuffle,shuffle,waypoint_reach,0,0.16142354905605316,0.0018242853693664074,-5.456305854022503,24
44:1010,44:1010:shuffle,visual-beta1-image-seed-44,44,1010,shuffle,shuffle,direct_reach,0,0.7121854424476624,0.0011162090813741088,-13.467516124248505,24
44:1011,44:1011:shuffle,visual-beta1-image-seed-44,44,1011,shuffle,shuffle,waypoint_reach,0,0.2802309989929199,0.0012401920976117253,-5.852012738585472,24
44:1012,44:1012:shuffle,visual-beta1-image-seed-44,44,1012,shuffle,shuffle,direct_reach,0,0.4999344050884247,0.002060513710603118,-8.820448845624924,24
44:1013,44:1013:shuffle,visual-beta1-image-seed-44,44,1013,shuffle,shuffle,waypoint_reach,0,0.2763162851333618,0.002405742183327675,-6.250084698200226,24
44:1014,44:1014:shuffle,visual-beta1-image-seed-44,44,1014,shuffle,shuffle,direct_reach,0,0.5686267018318176,0.0012140361359342933,-9.84793172776699,24
44:1015,44:1015:shuffle,visual-beta1-image-seed-44,44,1015,shuffle,shuffle,waypoint_reach,0,0.4929523169994354,0.00205401424318552,-7.633470095694065,24
44:1016,44:1016:shuffle,visual-beta1-image-seed-44,44,1016,shuffle,shuffle,direct_reach,0,0.6873188018798828,0.000940150348469615,-11.617321982979774,24
44:1017,44:1017:shuffle,visual-beta1-image-seed-44,44,1017,shuffle,shuffle,waypoint_reach,0,0.18977315723896027,0.002333693439140916,-7.993045330047607,24
44:1018,44:1018:shuffle,visual-beta1-image-seed-44,44,1018,shuffle,shuffle,direct_reach,0,0.15286068618297577,0.001033241511322558,-5.447713658213615,24
44:1019,44:1019:shuffle,visual-beta1-image-seed-44,44,1019,shuffle,shuffle,waypoint_reach,0,0.15913742780685425,0.001311540836468339,-5.660593509674072,24
44:1020,44:1020:shuffle,visual-beta1-image-seed-44,44,1020,shuffle,shuffle,direct_reach,0,0.36684226989746094,0.003067854093387723,-7.836699336767197,24
44:1021,44:1021:shuffle,visual-beta1-image-seed-44,44,1021,shuffle,shuffle,waypoint_reach,0,0.2496170699596405,0.0022750035859644413,-5.6763240322470665,24
44:1022,44:1022:shuffle,visual-beta1-image-seed-44,44,1022,shuffle,shuffle,direct_reach,0,0.727135956287384,0.001600137329660356,-13.53135159611702,24
44:1023,44:1023:shuffle,visual-beta1-image-seed-44,44,1023,shuffle,shuffle,waypoint_reach,0,0.5026857256889343,0.0021707008127123117,-10.743212580680847,24
44:1000,44:1000:state_only,visual-beta1-state-only-seed-44,44,1000,state_only,state_only,direct_reach,0,0.6948809027671814,0.0009272737079299986,-12.487053364515305,24
44:1001,44:1001:state_only,visual-beta1-state-only-seed-44,44,1001,state_only,state_only,waypoint_reach,0,0.16832511126995087,0.0015928426291793585,-6.191747531294823,24
44:1002,44:1002:state_only,visual-beta1-state-only-seed-44,44,1002,state_only,state_only,direct_reach,0,0.7188554406166077,0.001394095248542726,-13.957718163728714,24
44:1003,44:1003:state_only,visual-beta1-state-only-seed-44,44,1003,state_only,state_only,waypoint_reach,0,0.38166195154190063,0.0007989966543391347,-6.579739019274712,24
44:1004,44:1004:state_only,visual-beta1-state-only-seed-44,44,1004,state_only,state_only,direct_reach,0,0.2607809007167816,0.0032545835711061954,-6.729039087891579,24
44:1005,44:1005:state_only,visual-beta1-state-only-seed-44,44,1005,state_only,state_only,waypoint_reach,0,0.25772756338119507,0.0011390901636332273,-4.303517922759056,24
44:1006,44:1006:state_only,visual-beta1-state-only-seed-44,44,1006,state_only,state_only,direct_reach,0,0.5244577527046204,0.0012942715547978878,-9.163777366280556,24
44:1007,44:1007:state_only,visual-beta1-state-only-seed-44,44,1007,state_only,state_only,waypoint_reach,0,0.2629912793636322,0.001531647751107812,-5.20479404181242,24
44:1008,44:1008:state_only,visual-beta1-state-only-seed-44,44,1008,state_only,state_only,direct_reach,0,0.22171874344348907,0.001052933163009584,-6.336953446269035,24
44:1009,44:1009:state_only,visual-beta1-state-only-seed-44,44,1009,state_only,state_only,waypoint_reach,0,0.18971438705921173,0.0013423708733171225,-5.435472309589386,24
44:1010,44:1010:state_only,visual-beta1-state-only-seed-44,44,1010,state_only,state_only,direct_reach,0,0.6990025639533997,0.0009152572019957006,-13.332543015480042,24
44:1011,44:1011:state_only,visual-beta1-state-only-seed-44,44,1011,state_only,state_only,waypoint_reach,0,0.5217811465263367,0.0006997403688728809,-9.562007278203964,24
44:1012,44:1012:state_only,visual-beta1-state-only-seed-44,44,1012,state_only,state_only,direct_reach,0,0.4808489978313446,0.0014013429172337055,-8.432223752140999,24
44:1013,44:1013:state_only,visual-beta1-state-only-seed-44,44,1013,state_only,state_only,waypoint_reach,0,0.4710138738155365,0.0016825926722958684,-9.322258859872818,24
44:1014,44:1014:state_only,visual-beta1-state-only-seed-44,44,1014,state_only,state_only,direct_reach,0,0.5828104615211487,0.0010743628954514861,-10.380339369177818,24
44:1015,44:1015:state_only,visual-beta1-state-only-seed-44,44,1015,state_only,state_only,waypoint_reach,0,0.27612146735191345,0.0014694056008011103,-4.534130912274122,24
44:1016,44:1016:state_only,visual-beta1-state-only-seed-44,44,1016,state_only,state_only,direct_reach,0,0.6931613683700562,0.0009272737079299986,-11.978961259126663,24
44:1017,44:1017:state_only,visual-beta1-state-only-seed-44,44,1017,state_only,state_only,waypoint_reach,0,0.17940713465213776,0.0015928426291793585,-7.303290531039238,24
44:1018,44:1018:state_only,visual-beta1-state-only-seed-44,44,1018,state_only,state_only,direct_reach,0,0.1512373834848404,0.001016015186905861,-5.263720273971558,24
44:1019,44:1019:state_only,visual-beta1-state-only-seed-44,44,1019,state_only,state_only,waypoint_reach,0,0.1942923367023468,0.0007989966543391347,-5.504531607031822,24
44:1020,44:1020:state_only,visual-beta1-state-only-seed-44,44,1020,state_only,state_only,direct_reach,0,0.3572360873222351,0.003121715970337391,-8.009650439023972,24
44:1021,44:1021:state_only,visual-beta1-state-only-seed-44,44,1021,state_only,state_only,waypoint_reach,0,0.19524304568767548,0.0017846892587840557,-4.914625473320484,24
44:1022,44:1022:state_only,visual-beta1-state-only-seed-44,44,1022,state_only,state_only,direct_reach,0,0.7386741042137146,0.0012942715547978878,-14.06903001666069,24
44:1023,44:1023:state_only,visual-beta1-state-only-seed-44,44,1023,state_only,state_only,waypoint_reach,0,0.5103201270103455,0.001531647751107812,-10.368361741304398,24
55:1000,55:1000:control,visual-beta1-image-seed-55,55,1000,control,none,direct_reach,0,0.85166996717453,0.0008357131155207753,-13.94778960943222,24
55:1001,55:1001:control,visual-beta1-image-seed-55,55,1001,control,none,waypoint_reach,0,0.33498379588127136,0.0006958175217732787,-6.657573416829109,24
55:1002,55:1002:control,visual-beta1-image-seed-55,55,1002,control,none,direct_reach,0,0.853408932685852,0.0010792046086862683,-16.733964890241623,24
55:1003,55:1003:control,visual-beta1-image-seed-55,55,1003,control,none,waypoint_reach,0,0.6312962770462036,7.362673932220787e-05,-9.124595738947392,24
55:1004,55:1004:control,visual-beta1-image-seed-55,55,1004,control,none,direct_reach,0,0.3666859269142151,0.004747546277940273,-7.699914380908012,24
55:1005,55:1005:control,visual-beta1-image-seed-55,55,1005,control,none,waypoint_reach,0,0.5542087554931641,0.0005250093527138233,-7.7926673367619514,24
55:1006,55:1006:control,visual-beta1-image-seed-55,55,1006,control,none,direct_reach,0,0.6461470723152161,0.001061134273186326,-11.67319892346859,24
55:1007,55:1007:control,visual-beta1-image-seed-55,55,1007,control,none,waypoint_reach,0,0.3331835865974426,0.0005782956723123789,-7.127900794148445,24
55:1008,55:1008:control,visual-beta1-image-seed-55,55,1008,control,none,direct_reach,0,0.2844659984111786,0.0017911335453391075,-6.634002834558487,24
55:1009,55:1009:control,visual-beta1-image-seed-55,55,1009,control,none,waypoint_reach,0,0.4111618995666504,0.0003398435655981302,-7.314309865236282,24
55:1010,55:1010:control,visual-beta1-image-seed-55,55,1010,control,none,direct_reach,0,0.85309237241745,0.0006895593833178282,-15.207340985536575,24
55:1011,55:1011:control,visual-beta1-image-seed-55,55,1011,control,none,waypoint_reach,0,0.5129578709602356,7.399352034553885e-05,-9.322764366865158,24
55:1012,55:1012:control,visual-beta1-image-seed-55,55,1012,control,none,direct_reach,0,0.622658371925354,0.001139921834692359,-11.021743819117546,24
55:1013,55:1013:control,visual-beta1-image-seed-55,55,1013,control,none,waypoint_reach,0,0.4553544521331787,0.0006422080332413316,-8.34570848941803,24
55:1014,55:1014:control,visual-beta1-image-seed-55,55,1014,control,none,direct_reach,0,0.7224674820899963,0.0008286393713206053,-12.735200986266136,24
55:1015,55:1015:control,visual-beta1-image-seed-55,55,1015,control,none,waypoint_reach,0,0.5599813461303711,0.000466279627289623,-7.825452949851751,24
55:1016,55:1016:control,visual-beta1-image-seed-55,55,1016,control,none,direct_reach,0,0.8425254821777344,0.0008449713350273669,-13.647646248340607,24
55:1017,55:1017:control,visual-beta1-image-seed-55,55,1017,control,none,waypoint_reach,0,0.2814960181713104,0.0007259843405336142,-6.5620181411504745,24
55:1018,55:1018:control,visual-beta1-image-seed-55,55,1018,control,none,direct_reach,0,0.2222949117422104,0.0014769985573366284,-5.373023480176926,24
55:1019,55:1019:control,visual-beta1-image-seed-55,55,1019,control,none,waypoint_reach,0,0.42897120118141174,9.588325337972492e-05,-7.405660927295685,24
55:1020,55:1020:control,visual-beta1-image-seed-55,55,1020,control,none,direct_reach,0,0.4411410987377167,0.00458721537142992,-9.004500389099121,24
55:1021,55:1021:control,visual-beta1-image-seed-55,55,1021,control,none,waypoint_reach,0,0.26448583602905273,0.000760952359996736,-6.692012131214142,24
55:1022,55:1022:control,visual-beta1-image-seed-55,55,1022,control,none,direct_reach,0,0.8743863105773926,0.0009940756717696786,-16.64298203587532,24
55:1023,55:1023:control,visual-beta1-image-seed-55,55,1023,control,none,waypoint_reach,0,0.7653627991676331,0.0004555563791655004,-12.136518448591232,24
55:1000,55:1000:occlusion,visual-beta1-image-seed-55,55,1000,occlusion,occlusion,direct_reach,0,0.6243703961372375,0.0003323844575788826,-9.936073780059814,24
55:1001,55:1001:occlusion,visual-beta1-image-seed-55,55,1001,occlusion,occlusion,waypoint_reach,0,0.2668791711330414,0.0004133147594984621,-8.595974951982498,24
55:1002,55:1002:occlusion,visual-beta1-image-seed-55,55,1002,occlusion,occlusion,direct_reach,0,0.7104619145393372,0.0002219227171735838,-12.889183670282364,24
55:1003,55:1003:occlusion,visual-beta1-image-seed-55,55,1003,occlusion,occlusion,waypoint_reach,0,0.3872625231742859,0.00021882299915887415,-6.766591511666775,24
55:1004,55:1004:occlusion,visual-beta1-image-seed-55,55,1004,occlusion,occlusion,direct_reach,0,0.23385056853294373,0.0075354138389229774,-8.075912684202194,24
55:1005,55:1005:occlusion,visual-beta1-image-seed-55,55,1005,occlusion,occlusion,waypoint_reach,0,0.3116903007030487,3.4374148526694626e-05,-6.737215906381607,24
55:1006,55:1006:occlusion,visual-beta1-image-seed-55,55,1006,occlusion,occlusion,direct_reach,0,0.505914568901062,0.0002074722433462739,-8.664390720427036,24
55:1007,55:1007:occlusion,visual-beta1-image-seed-55,55,1007,occlusion,occlusion,waypoint_reach,0,0.31706374883651733,0.00026546799927018583,-7.798212721943855,24
55:1008,55:1008:occlusion,visual-beta1-image-seed-55,55,1008,occlusion,occlusion,direct_reach,0,0.2199307531118393,0.003735304344445467,-7.671315148472786,24
55:1009,55:1009:occlusion,visual-beta1-image-seed-55,55,1009,occlusion,occlusion,waypoint_reach,0,0.2680034935474396,0.00017854793986771256,-7.94594144821167,24
55:1010,55:1010:occlusion,visual-beta1-image-seed-55,55,1010,occlusion,occlusion,direct_reach,0,0.6440869569778442,0.0002887376176659018,-11.004009306430817,24
55:1011,55:1011:occlusion,visual-beta1-image-seed-55,55,1011,occlusion,occlusion,waypoint_reach,0,0.33945369720458984,0.0002787454577628523,-6.490504145622253,24
55:1012,55:1012:occlusion,visual-beta1-image-seed-55,55,1012,occlusion,occlusion,direct_reach,0,0.45883193612098694,0.0002401495148660615,-7.09976639598608,24
55:1013,55:1013:occlusion,visual-beta1-image-seed-55,55,1013,occlusion,occlusion,waypoint_reach,0,0.2643210291862488,0.0003228654386475682,-5.095101058483124,24
55:1014,55:1014:occlusion,visual-beta1-image-seed-55,55,1014,occlusion,occlusion,direct_reach,0,0.5468261241912842,0.00020904642587993294,-9.030886732041836,24
55:1015,55:1015:occlusion,visual-beta1-image-seed-55,55,1015,occlusion,occlusion,waypoint_reach,0,0.31573542952537537,0.0002265363436890766,-6.6679671704769135,24
55:1016,55:1016:occlusion,visual-beta1-image-seed-55,55,1016,occlusion,occlusion,direct_reach,0,0.6272069811820984,0.0003323844575788826,-9.973510429263115,24
55:1017,55:1017:occlusion,visual-beta1-image-seed-55,55,1017,occlusion,occlusion,waypoint_reach,0,0.26820582151412964,0.0004133147594984621,-9.381455957889557,24
55:1018,55:1018:occlusion,visual-beta1-image-seed-55,55,1018,occlusion,occlusion,direct_reach,0,0.1505049169063568,0.0033424405846744776,-6.300403326749802,24
55:1019,55:1019:occlusion,visual-beta1-image-seed-55,55,1019,occlusion,occlusion,waypoint_reach,0,0.2717386484146118,0.00021882299915887415,-7.9037878811359406,24
55:1020,55:1020:occlusion,visual-beta1-image-seed-55,55,1020,occlusion,occlusion,direct_reach,0,0.3377078175544739,0.007337135728448629,-9.408105939626694,24
55:1021,55:1021:occlusion,visual-beta1-image-seed-55,55,1021,occlusion,occlusion,waypoint_reach,0,0.28001874685287476,0.0003531366237439215,-7.780463069677353,24
55:1022,55:1022:occlusion,visual-beta1-image-seed-55,55,1022,occlusion,occlusion,direct_reach,0,0.7169210910797119,0.0002074722433462739,-12.809414625167847,24
55:1023,55:1023:occlusion,visual-beta1-image-seed-55,55,1023,occlusion,occlusion,waypoint_reach,0,0.4961232542991638,0.00026546799927018583,-10.198667988181114,24
55:1000,55:1000:shuffle,visual-beta1-image-seed-55,55,1000,shuffle,shuffle,direct_reach,0,0.85166996717453,0.0009056529961526394,-14.292699575424194,24
55:1001,55:1001:shuffle,visual-beta1-image-seed-55,55,1001,shuffle,shuffle,waypoint_reach,0,0.30845117568969727,0.000623174593783915,-6.663011252880096,24
55:1002,55:1002:shuffle,visual-beta1-image-seed-55,55,1002,shuffle,shuffle,direct_reach,0,0.853408932685852,0.0010549970902502537,-16.674228221178055,24
55:1003,55:1003:shuffle,visual-beta1-image-seed-55,55,1003,shuffle,shuffle,waypoint_reach,0,0.6859161853790283,0.00011507474118843675,-9.762555092573166,24
55:1004,55:1004:shuffle,visual-beta1-image-seed-55,55,1004,shuffle,shuffle,direct_reach,0,0.3666859269142151,0.004977823235094547,-7.6900946497917175,24
55:1005,55:1005:shuffle,visual-beta1-image-seed-55,55,1005,shuffle,shuffle,waypoint_reach,0,0.5426088571548462,0.0005006131832487881,-7.694708004593849,24
55:1006,55:1006:shuffle,visual-beta1-image-seed-55,55,1006,shuffle,shuffle,direct_reach,0,0.6461470723152161,0.0009645549580454826,-11.479879066348076,24
55:1007,55:1007:shuffle,visual-beta1-image-seed-55,55,1007,shuffle,shuffle,waypoint_reach,0,0.3243309259414673,0.0005078280810266733,-7.12001596391201,24
55:1008,55:1008:shuffle,visual-beta1-image-seed-55,55,1008,shuffle,shuffle,direct_reach,0,0.2844659984111786,0.001956859603524208,-6.686274275183678,24
55:1009,55:1009:shuffle,visual-beta1-image-seed-55,55,1009,shuffle,shuffle,waypoint_reach,0,0.4288010597229004,0.0003677996573969722,-7.37131829559803,24
55:1010,55:1010:shuffle,visual-beta1-image-seed-55,55,1010,shuffle,shuffle,direct_reach,0,0.85309237241745,0.000788183999247849,-15.655425757169724,24
55:1011,55:1011:shuffle,visual-beta1-image-seed-55,55,1011,shuffle,shuffle,waypoint_reach,0,0.5188267827033997,8.020596578717232e-05,-9.404133133590221,24
55:1012,55:1012:shuffle,visual-beta1-image-seed-55,55,1012,shuffle,shuffle,direct_reach,0,0.622658371925354,0.0012415251694619656,-11.228803738951683,24
55:1013,55:1013:shuffle,visual-beta1-image-seed-55,55,1013,shuffle,shuffle,waypoint_reach,0,0.4644325375556946,0.0006684713298454881,-8.461169123649597,24
55:1014,55:1014:shuffle,visual-beta1-image-seed-55,55,1014,shuffle,shuffle,direct_reach,0,0.7224674820899963,0.0007967439014464617,-12.631027966737747,24
55:1015,55:1015:shuffle,visual-beta1-image-seed-55,55,1015,shuffle,shuffle,waypoint_reach,0,0.5842487215995789,0.0005154979298822582,-8.006365407258272,24
55:1016,55:1016:shuffle,visual-beta1-image-seed-55,55,1016,shuffle,shuffle,direct_reach,0,0.8425254821777344,0.0008838651701807976,-13.833959087729454,24
55:1017,55:1017:shuffle,visual-beta1-image-seed-55,55,1017,shuffle,shuffle,waypoint_reach,0,0.27881482243537903,0.0007127904100343585,-6.559172794222832,24
55:1018,55:1018:shuffle,visual-beta1-image-seed-55,55,1018,shuffle,shuffle,direct_reach,0,0.2222949117422104,0.0014882624382153153,-5.373447015881538,24
55:1019,55:1019:shuffle,visual-beta1-image-seed-55,55,1019,shuffle,shuffle,waypoint_reach,0,0.41650599241256714,8.405965490965173e-05,-7.371673837304115,24
55:1020,55:1020:shuffle,visual-beta1-image-seed-55,55,1020,shuffle,shuffle,direct_reach,0,0.4411410987377167,0.00457050371915102,-9.004606992006302,24
55:1021,55:1021:shuffle,visual-beta1-image-seed-55,55,1021,shuffle,shuffle,waypoint_reach,0,0.25579512119293213,0.0006424766033887863,-6.801249563694,24
55:1022,55:1022:shuffle,visual-beta1-image-seed-55,55,1022,shuffle,shuffle,direct_reach,0,0.8743863105773926,0.0010180887766182423,-16.703953355550766,24
55:1023,55:1023:shuffle,visual-beta1-image-seed-55,55,1023,shuffle,shuffle,waypoint_reach,0,0.8016677498817444,0.000520357396453619,-12.598603397607803,24
55:1000,55:1000:state_only,visual-beta1-state-only-seed-55,55,1000,state_only,state_only,direct_reach,0,0.85166996717453,0.002181392163038254,-16.66999927163124,24
55:1001,55:1001:state_only,visual-beta1-state-only-seed-55,55,1001,state_only,state_only,waypoint_reach,0,0.3309946656227112,0.0024187860544770956,-5.025524951517582,24
55:1002,55:1002:state_only,visual-beta1-state-only-seed-55,55,1002,state_only,state_only,direct_reach,0,0.853408932685852,0.0021175153087824583,-17.70710116624832,24
55:1003,55:1003:state_only,visual-beta1-state-only-seed-55,55,1003,state_only,state_only,waypoint_reach,0,0.6783265471458435,0.001460943021811545,-10.668316543102264,24
55:1004,55:1004:state_only,visual-beta1-state-only-seed-55,55,1004,state_only,state_only,direct_reach,0,0.3666859269142151,0.0016973251476883888,-7.142017282545567,24
55:1005,55:1005:state_only,visual-beta1-state-only-seed-55,55,1005,state_only,state_only,waypoint_reach,0,0.5555369257926941,0.0021697040647268295,-7.17382089048624,24
55:1006,55:1006:state_only,visual-beta1-state-only-seed-55,55,1006,state_only,state_only,direct_reach,0,0.6461470723152161,0.0021139660384505987,-12.379508718848228,24
55:1007,55:1007:state_only,visual-beta1-state-only-seed-55,55,1007,state_only,state_only,waypoint_reach,1,0.058568693697452545,0.0025736428797245026,-1.3425137996673584,6
55:1008,55:1008:state_only,visual-beta1-state-only-seed-55,55,1008,state_only,state_only,direct_reach,0,0.2844659984111786,0.000560932734515518,-6.070899784564972,24
55:1009,55:1009:state_only,visual-beta1-state-only-seed-55,55,1009,state_only,state_only,waypoint_reach,0,0.4435117244720459,0.0023915786296129227,-5.778650062158704,24
55:1010,55:1010:state_only,visual-beta1-state-only-seed-55,55,1010,state_only,state_only,direct_reach,0,0.85309237241745,0.0014785680687054992,-17.435333847999573,24
55:1011,55:1011:state_only,visual-beta1-state-only-seed-55,55,1011,state_only,state_only,waypoint_reach,0,0.6859869360923767,0.0012413256336003542,-12.600835144519806,24
55:1012,55:1012:state_only,visual-beta1-state-only-seed-55,55,1012,state_only,state_only,direct_reach,0,0.622658371925354,0.00240316498093307,-12.309743791818619,24
55:1013,55:1013:state_only,visual-beta1-state-only-seed-55,55,1013,state_only,state_only,waypoint_reach,0,0.6240027546882629,0.0027638771571218967,-12.643340915441513,24
55:1014,55:1014:state_only,visual-beta1-state-only-seed-55,55,1014,state_only,state_only,direct_reach,0,0.7224674820899963,0.0017751712584868073,-14.151170939207077,24
55:1015,55:1015:state_only,visual-beta1-state-only-seed-55,55,1015,state_only,state_only,waypoint_reach,0,0.5730420351028442,0.0025330674834549427,-7.643614634871483,24
55:1016,55:1016:state_only,visual-beta1-state-only-seed-55,55,1016,state_only,state_only,direct_reach,0,0.8425254821777344,0.002181392163038254,-15.984741777181625,24
55:1017,55:1017:state_only,visual-beta1-state-only-seed-55,55,1017,state_only,state_only,waypoint_reach,0,0.2649749219417572,0.0024187860544770956,-5.145880550146103,24
55:1018,55:1018:state_only,visual-beta1-state-only-seed-55,55,1018,state_only,state_only,direct_reach,0,0.2222949117422104,0.000589278235565871,-5.064625687897205,24
55:1019,55:1019:state_only,visual-beta1-state-only-seed-55,55,1019,state_only,state_only,waypoint_reach,0,0.44422096014022827,0.001460943021811545,-5.957274543121457,24
55:1020,55:1020:state_only,visual-beta1-state-only-seed-55,55,1020,state_only,state_only,direct_reach,0,0.4411410987377167,0.0016017301240935922,-8.258130431175232,24
55:1021,55:1021:state_only,visual-beta1-state-only-seed-55,55,1021,state_only,state_only,waypoint_reach,0,0.3492143750190735,0.002918340265750885,-6.735958129167557,24
55:1022,55:1022:state_only,visual-beta1-state-only-seed-55,55,1022,state_only,state_only,direct_reach,0,0.8743863105773926,0.0021139660384505987,-17.835732102394104,24
55:1023,55:1023:state_only,visual-beta1-state-only-seed-55,55,1023,state_only,state_only,waypoint_reach,0,0.8203736543655396,0.0025736428797245026,-14.706315666437149,24
